"Model","Estimate"
0,0.935234415418
0,7.633650217822
1,0.940862041032
1,5.568887371756
2,0.73287989193
2,7.77769673074
3,0.481930386472
3,6.230647091982
4,0.570890632302
4,7.468014621131
5,0.600165348756
5,6.920945944494
6,0.764046424519
6,5.798446631309
7,0.725927970241
7,4.374291192986
