estimate;CovParm;Subject
0.0276720252423163;ldhp2;placette
0.9605938722477800;SP(POW);No_arbre(placette)
2.1930753064579900;Residual;
