estimate;CovParm;Subject
0.0283410417674245;ldhp2;placette
0.9777620016548600;SP(POW);No_arbre(placette)
7.4090237075476400;Residual;
