estimate;CovParm;Subject
0.0286500137813906;ldhp2;placette
0.9672536403978300;SP(POW);No_arbre(placette)
1.7206965920657300;Residual;
