estimate;CovParm;Subject
0.0109674692471899;ldhp2;placette
0.8909937269942500;SP(POW);No_arbre(placette)
2.7823048882329500;Residual;
