estimate;CovParm;Subject
0.0286441070715903;ldhp2;placette
0.9746660461270900;SP(POW);No_arbre(placette)
4.3443958367392500;Residual;
