ESSENCE,DHP,GROUPE,DER,ScF1,ScF2,ScF3,ScF4,PATE,CARIE,NU,BM,AUTRE
BOG,10,Tous FD 10-22 ,0,0,0,0,0,64,2,34,0,0
BOG,12,Tous FD 10-22 ,0,0,0,0,0,79,2,19,0,0
BOG,14,Tous FD 10-22 ,0,0,0,0,0,82,2,13,3,0
BOG,16,Tous FD 10-22 ,0,0,0,0,0,82,2,13,3,0
BOG,18,Tous FD 10-22 ,0,0,0,0,0,82,2,10,6,0
BOG,20,Tous FD 10-22 ,0,0,0,0,0,82,2,9,7,0
BOG,22,Tous FD 10-22 ,0,0,0,0,0,82,2,9,7,0
BOG,24,BOP 24 +  ,0,0.2656828,0.1726053,38.85597,7.660777,30.04497,1,9,13,0
BOG,26,BOP 24 +  ,0,0.4600935,0.4785825,38.85597,6.218846,30.98651,1,9,13,0
BOG,28,BOP 24 +  ,0,0.7673572,1.182864,38.85597,5.145442,30.04837,2,9,13,0
BOG,30,BOP 24 +  ,0,1.227181,2.571018,34.63542,4.329537,33.23684,2,9,13,0
BOG,32,BOP 24 +  ,2.892848,1.378262,4.038994,29.75363,3.713595,34.22267,2,9,13,0
BOG,34,BOP 24 +  ,3.508458,2.016794,6.577869,27.19645,3.237193,33.46323,3,9,12,0
BOG,36,BOP 24 +  ,4.234676,2.806018,9.284185,25.04653,2.860718,30.76788,4,9,12,0
BOG,38,BOP 24 +  ,4.952251,3.716064,11.64421,23.2328,2.564124,28.89055,4,9,12,0
BOG,40,BOP 24 +  ,5.554898,4.673629,13.31207,21.58294,2.320232,26.55623,5,10,11,0
BOG,42,BOP 24 +  ,5.970739,5.577013,14.15332,19.95756,2.109107,25.23226,6,10,11,0
BOG,44,BOP 24 +  ,6.148817,6.317183,14.1382,18.2608,1.917222,25.21778,7,10,11,0
BOG,46,BOP 24 +  ,6.152228,6.913088,13.48518,16.71466,1.764858,25.96999,8,10,11,0
BOG,48,BOP 24 +  ,5.992376,7.369623,12.23676,15.33737,1.651729,27.41213,9,10,11,0
BOG,50,BOP 24 +  ,5.601031,7.599309,10.26427,13.93792,1.55598,29.0415,11,9,12,0
BOG,52,BOP 24 +  ,5.200597,7.056013,9.530446,12.94145,1.444738,30.82675,12,9,12,0
BOG,54,BOP 24 +  ,4.823306,6.544116,8.839036,12.00258,1.339926,31.45103,14,9,12,0
BOG,56,BOP 24 +  ,4.472505,6.06816,8.196169,11.12963,1.242473,32.89106,15,9,12,0
BOG,58,BOP 24 +  ,4.154068,5.636115,7.612613,10.33721,1.15401,35.10598,15,9,12,0
BOG,60,BOP 24 +  ,3.864542,5.243294,7.082036,9.61674,1.073579,37.11981,15,9,12,0
BOG,62,BOP 24 +  ,3.600864,4.885544,6.598828,8.96059,1.000329,38.95385,15,9,12,0
BOG,64,BOP 24 +  ,3.360325,4.559188,6.158024,8.36202,0.9335064,40.62694,15,9,12,0
BOG,66,BOP 24 +  ,3.140526,4.260971,5.755227,7.815059,0.8724457,42.15577,15,9,12,0
BOG,68,BOP 24 +  ,3.140526,4.260971,5.755227,7.815059,0.8724457,42.15577,15,9,12,0
BOG,70,BOP 24 +  ,3.140526,4.260971,5.755227,7.815059,0.8724457,42.15577,15,9,12,0
BOG,72,BOP 24 +  ,3.140526,4.260971,5.755227,7.815059,0.8724457,42.15577,15,9,12,0
BOG,74,BOP 24 +  ,3.140526,4.260971,5.755227,7.815059,0.8724457,42.15577,15,9,12,0
BOG,76,BOP 24 +  ,3.140526,4.260971,5.755227,7.815059,0.8724457,42.15577,15,9,12,0
BOG,78,BOP 24 +  ,3.140526,4.260971,5.755227,7.815059,0.8724457,42.15577,15,9,12,0
BOG,80,BOP 24 +  ,3.140526,4.260971,5.755227,7.815059,0.8724457,42.15577,15,9,12,0
BOG,82,BOP 24 +  ,3.140526,4.260971,5.755227,7.815059,0.8724457,42.15577,15,9,12,0
BOG,84,BOP 24 +  ,3.140526,4.260971,5.755227,7.815059,0.8724457,42.15577,15,9,12,0
BOG,86,BOP 24 +  ,3.140526,4.260971,5.755227,7.815059,0.8724457,42.15577,15,9,12,0
BOG,88,BOP 24 +  ,3.140526,4.260971,5.755227,7.815059,0.8724457,42.15577,15,9,12,0
BOG,90,BOP 24 +  ,3.140526,4.260971,5.755227,7.815059,0.8724457,42.15577,15,9,12,0
BOG,92,BOP 24 +  ,3.140526,4.260971,5.755227,7.815059,0.8724457,42.15577,15,9,12,0
BOG,94,BOP 24 +  ,3.140526,4.260971,5.755227,7.815059,0.8724457,42.15577,15,9,12,0
BOG,96,BOP 24 +  ,3.140526,4.260971,5.755227,7.815059,0.8724457,42.15577,15,9,12,0
BOG,98,BOP 24 +  ,3.140526,4.260971,5.755227,7.815059,0.8724457,42.15577,15,9,12,0
BOG,100,BOP 24 +  ,3.140526,4.260971,5.755227,7.815059,0.8724457,42.15577,15,9,12,0
BOG,102,BOP 24 +  ,3.140526,4.260971,5.755227,7.815059,0.8724457,42.15577,15,9,12,0
BOG,104,BOP 24 +  ,3.140526,4.260971,5.755227,7.815059,0.8724457,42.15577,15,9,12,0
BOG,106,BOP 24 +  ,3.140526,4.260971,5.755227,7.815059,0.8724457,42.15577,15,9,12,0
BOG,108,BOP 24 +  ,3.140526,4.260971,5.755227,7.815059,0.8724457,42.15577,15,9,12,0
BOG,110,BOP 24 +  ,3.140526,4.260971,5.755227,7.815059,0.8724457,42.15577,15,9,12,0
BOG,112,BOP 24 +  ,3.140526,4.260971,5.755227,7.815059,0.8724457,42.15577,15,9,12,0
BOG,114,BOP 24 +  ,3.140526,4.260971,5.755227,7.815059,0.8724457,42.15577,15,9,12,0
BOG,116,BOP 24 +  ,3.140526,4.260971,5.755227,7.815059,0.8724457,42.15577,15,9,12,0
BOG,118,BOP 24 +  ,3.140526,4.260971,5.755227,7.815059,0.8724457,42.15577,15,9,12,0
BOG,120,BOP 24 +  ,3.140526,4.260971,5.755227,7.815059,0.8724457,42.15577,15,9,12,0
BOG,122,BOP 24 +  ,3.140526,4.260971,5.755227,7.815059,0.8724457,42.15577,15,9,12,0
BOG,124,BOP 24 +  ,3.140526,4.260971,5.755227,7.815059,0.8724457,42.15577,15,9,12,0
BOG,126,BOP 24 +  ,3.140526,4.260971,5.755227,7.815059,0.8724457,42.15577,15,9,12,0
BOG,128,BOP 24 +  ,3.140526,4.260971,5.755227,7.815059,0.8724457,42.15577,15,9,12,0
BOG,130,BOP 24 +  ,3.140526,4.260971,5.755227,7.815059,0.8724457,42.15577,15,9,12,0
BOG,132,BOP 24 +  ,3.140526,4.260971,5.755227,7.815059,0.8724457,42.15577,15,9,12,0
BOG,134,BOP 24 +  ,3.140526,4.260971,5.755227,7.815059,0.8724457,42.15577,15,9,12,0
BOG,136,BOP 24 +  ,3.140526,4.260971,5.755227,7.815059,0.8724457,42.15577,15,9,12,0
BOG,138,BOP 24 +  ,3.140526,4.260971,5.755227,7.815059,0.8724457,42.15577,15,9,12,0
BOG,140,BOP 24 +  ,3.140526,4.260971,5.755227,7.815059,0.8724457,42.15577,15,9,12,0
BOG,142,BOP 24 +  ,3.140526,4.260971,5.755227,7.815059,0.8724457,42.15577,15,9,12,0
BOG,144,BOP 24 +  ,3.140526,4.260971,5.755227,7.815059,0.8724457,42.15577,15,9,12,0
BOG,146,BOP 24 +  ,3.140526,4.260971,5.755227,7.815059,0.8724457,42.15577,15,9,12,0
BOG,148,BOP 24 +  ,3.140526,4.260971,5.755227,7.815059,0.8724457,42.15577,15,9,12,0
BOG,150,BOP 24 +  ,3.140526,4.260971,5.755227,7.815059,0.8724457,42.15577,15,9,12,0
BOG,152,BOP 24 +  ,3.140526,4.260971,5.755227,7.815059,0.8724457,42.15577,15,9,12,0
BOG,154,BOP 24 +  ,3.140526,4.260971,5.755227,7.815059,0.8724457,42.15577,15,9,12,0
BOG,156,BOP 24 +  ,3.140526,4.260971,5.755227,7.815059,0.8724457,42.15577,15,9,12,0
BOG,158,BOP 24 +  ,3.140526,4.260971,5.755227,7.815059,0.8724457,42.15577,15,9,12,0
BOG,160,BOP 24 +  ,3.140526,4.260971,5.755227,7.815059,0.8724457,42.15577,15,9,12,0
BOJ,10,Tous FD 10-22 ,0,0,0,0,0,60,1,39,0,0
BOJ,12,Tous FD 10-22 ,0,0,0,0,0,78,1,21,0,0
BOJ,14,Tous FD 10-22 ,0,0,0,0,0,80,1,15,4,0
BOJ,16,Tous FD 10-22 ,0,0,0,0,0,80,1,12,7,0
BOJ,18,Tous FD 10-22 ,0,0,0,0,0,80,1,10,9,0
BOJ,20,Tous FD 10-22 ,0,0,0,0,0,80,1,9,10,0
BOJ,22,Tous FD 10-22 ,0,0,0,0,0,80,1,9,10,0
BOJ,24,BOJ 24 - 32  ,0.369673,0.04070443,4.936518,32.87616,5.176368,29.60057,1,9,17,0
BOJ,26,BOJ 24 - 32  ,0.4783325,0.07069683,5.600336,32.87616,4.341733,28.63274,2,9,17,0
BOJ,28,BOJ 24 - 32  ,0.6112765,0.1194852,6.308047,32.87616,3.711318,28.37371,2,9,17,0
BOJ,30,BOJ 24 - 32  ,0.7687896,0.1957905,7.031725,28.12662,3.222135,31.65494,3,9,17,0
BOJ,32,BOJ 24 - 32  ,0.949098,0.3101482,7.742014,24.31018,2.83404,34.85452,3,9,17,0
BOJ,34,BOJ 34 +  ,1.146985,0.4734081,8.403649,21.16979,2.518266,37.2879,4,8,17,0
BOJ,36,BOJ 34 +  ,1.354757,0.6947109,8.988617,18.54342,2.256642,39.16185,4,8,17,0
BOJ,38,BOJ 34 +  ,1.56356,0.9790925,9.482936,16.33168,2.03816,39.60457,5,8,17,0
BOJ,40,BOJ 34 +  ,1.763038,1.324074,9.878349,14.45677,1.854267,41.7235,6,7,16,0
BOJ,42,BOJ 34 +  ,1.942219,1.717258,10.17186,12.85781,1.698311,42.61255,6,7,16,0
BOJ,44,BOJ 34 +  ,2.090512,2.135834,10.36454,11.48682,1.565104,42.35719,7,7,16,0
BOJ,46,BOJ 34 +  ,2.198048,2.547931,10.45705,10.30281,1.450153,42.04401,8,7,16,0
BOJ,48,BOJ 34 +  ,2.256828,2.916992,10.4502,9.272586,1.349802,42.75359,8,7,16,0
BOJ,50,BOJ 34 +  ,2.262335,3.208454,10.34811,8.372328,1.261518,44.54725,9,6,15,0
BOJ,52,BOJ 34 +  ,2.213528,3.394593,10.15509,7.582955,1.183317,44.47052,10,6,15,0
BOJ,54,BOJ 34 +  ,2.112961,3.458095,9.875205,6.888923,1.113626,44.55119,11,6,15,0
BOJ,56,BOJ 34 +  ,1.966041,3.392694,9.509418,6.275521,1.050871,44.80545,12,6,15,0
BOJ,58,BOJ 34 +  ,1.781893,3.205378,9.06191,5.732484,0.9940798,45.22425,13,6,15,0
BOJ,60,BOJ 34 +  ,1.572438,2.915309,8.540601,5.252964,0.9427915,46.7759,14,5,15,0
BOJ,62,BOJ 34 +  ,1.350323,2.549875,7.9533,4.830304,0.8965331,47.41967,15,5,15,0
BOJ,64,BOJ 34 +  ,1.127803,2.141616,7.308825,4.458266,0.8548445,48.10864,16,5,15,0
BOJ,66,BOJ 34 +  ,0.9156764,1.72437,6.618079,4.131147,0.817293,48.79343,17,5,15,0
BOJ,68,BOJ 34 +  ,0.7225197,1.329116,5.895661,3.844354,0.7835899,49.42476,18,5,15,0
BOJ,70,BOJ 34 +  ,0.5537024,0.9791179,5.156244,3.591897,0.7530826,49.96596,19,5,15,0
BOJ,72,BOJ 34 +  ,0.4117928,0.688368,4.416979,3.367761,0.7249998,50.3901,20,5,15,0
BOJ,74,BOJ 34 +  ,0.2970433,0.4614851,3.698592,3.167333,0.6987619,49.67678,22,5,15,0
BOJ,76,BOJ 34 +  ,0.2077516,0.2949167,3.022511,2.987026,0.6739329,49.81386,23,5,15,0
BOJ,78,BOJ 34 +  ,0.1409355,0.179767,2.409245,2.825727,0.6505816,49.79374,24,5,15,0
BOJ,80,BOJ 34 +  ,0.09279032,0.1046115,1.87321,2.682836,0.6288761,49.61768,25,5,15,0
BOJ,82,BOJ 34 +  ,0.05929476,0.0581392,1.420457,2.556381,0.6086397,50.29709,25,5,15,0
BOJ,84,BOJ 34 +  ,0.03677762,0.03086842,1.050719,2.444671,0.5897207,50.84724,25,5,15,0
BOJ,86,BOJ 34 +  ,0.02214214,0.01566081,0.7584731,2.346257,0.5719889,51.28548,25,5,15,0
BOJ,88,BOJ 34 +  ,0.01294047,0.007593603,0.5346158,2.259989,0.5553556,51.62951,25,5,15,0
BOJ,90,BOJ 34 +  ,0.007341806,0.003519452,0.3681893,2.184931,0.539755,51.89626,25,5,15,0
BOJ,92,BOJ 34 +  ,0.007019368,0.003364885,0.3520191,2.088973,0.5160499,52.03257,25,5,15,0
BOJ,94,BOJ 34 +  ,0.006717217,0.003220042,0.3368664,1.999053,0.4938365,52.16031,25,5,15,0
BOJ,96,BOJ 34 +  ,0.006433744,0.003084153,0.3226503,1.914691,0.4729961,52.28014,25,5,15,0
BOJ,98,BOJ 34 +  ,0.006167488,0.002956518,0.3092976,1.835452,0.4534214,52.3927,25,5,15,0
BOJ,100,BOJ 34 +  ,0.006167488,0.002956518,0.3092976,1.835452,0.4534214,52.3927,25,5,15,0
BOJ,102,BOJ 34 +  ,0.006167488,0.002956518,0.3092976,1.835452,0.4534214,52.3927,25,5,15,0
BOJ,104,BOJ 34 +  ,0.006167488,0.002956518,0.3092976,1.835452,0.4534214,52.3927,25,5,15,0
BOJ,106,BOJ 34 +  ,0.006167488,0.002956518,0.3092976,1.835452,0.4534214,52.3927,25,5,15,0
BOJ,108,BOJ 34 +  ,0.006167488,0.002956518,0.3092976,1.835452,0.4534214,52.3927,25,5,15,0
BOJ,110,BOJ 34 +  ,0.006167488,0.002956518,0.3092976,1.835452,0.4534214,52.3927,25,5,15,0
BOJ,112,BOJ 34 +  ,0.006167488,0.002956518,0.3092976,1.835452,0.4534214,52.3927,25,5,15,0
BOJ,114,BOJ 34 +  ,0.006167488,0.002956518,0.3092976,1.835452,0.4534214,52.3927,25,5,15,0
BOJ,116,BOJ 34 +  ,0.006167488,0.002956518,0.3092976,1.835452,0.4534214,52.3927,25,5,15,0
BOJ,118,BOJ 34 +  ,0.006167488,0.002956518,0.3092976,1.835452,0.4534214,52.3927,25,5,15,0
BOJ,120,BOJ 34 +  ,0.006167488,0.002956518,0.3092976,1.835452,0.4534214,52.3927,25,5,15,0
BOJ,122,BOJ 34 +  ,0.006167488,0.002956518,0.3092976,1.835452,0.4534214,52.3927,25,5,15,0
BOJ,124,BOJ 34 +  ,0.006167488,0.002956518,0.3092976,1.835452,0.4534214,52.3927,25,5,15,0
BOJ,126,BOJ 34 +  ,0.006167488,0.002956518,0.3092976,1.835452,0.4534214,52.3927,25,5,15,0
BOJ,128,BOJ 34 +  ,0.006167488,0.002956518,0.3092976,1.835452,0.4534214,52.3927,25,5,15,0
BOJ,130,BOJ 34 +  ,0.006167488,0.002956518,0.3092976,1.835452,0.4534214,52.3927,25,5,15,0
BOJ,132,BOJ 34 +  ,0.006167488,0.002956518,0.3092976,1.835452,0.4534214,52.3927,25,5,15,0
BOJ,134,BOJ 34 +  ,0.006167488,0.002956518,0.3092976,1.835452,0.4534214,52.3927,25,5,15,0
BOJ,136,BOJ 34 +  ,0.006167488,0.002956518,0.3092976,1.835452,0.4534214,52.3927,25,5,15,0
BOJ,138,BOJ 34 +  ,0.006167488,0.002956518,0.3092976,1.835452,0.4534214,52.3927,25,5,15,0
BOJ,140,BOJ 34 +  ,0.006167488,0.002956518,0.3092976,1.835452,0.4534214,52.3927,25,5,15,0
BOJ,142,BOJ 34 +  ,0.006167488,0.002956518,0.3092976,1.835452,0.4534214,52.3927,25,5,15,0
BOJ,144,BOJ 34 +  ,0.006167488,0.002956518,0.3092976,1.835452,0.4534214,52.3927,25,5,15,0
BOJ,146,BOJ 34 +  ,0.006167488,0.002956518,0.3092976,1.835452,0.4534214,52.3927,25,5,15,0
BOJ,148,BOJ 34 +  ,0.006167488,0.002956518,0.3092976,1.835452,0.4534214,52.3927,25,5,15,0
BOJ,150,BOJ 34 +  ,0.006167488,0.002956518,0.3092976,1.835452,0.4534214,52.3927,25,5,15,0
BOJ,152,BOJ 34 +  ,0.006167488,0.002956518,0.3092976,1.835452,0.4534214,52.3927,25,5,15,0
BOJ,154,BOJ 34 +  ,0.006167488,0.002956518,0.3092976,1.835452,0.4534214,52.3927,25,5,15,0
BOJ,156,BOJ 34 +  ,0.006167488,0.002956518,0.3092976,1.835452,0.4534214,52.3927,25,5,15,0
BOJ,158,BOJ 34 +  ,0.006167488,0.002956518,0.3092976,1.835452,0.4534214,52.3927,25,5,15,0
BOJ,160,BOJ 34 +  ,0.006167488,0.002956518,0.3092976,1.835452,0.4534214,52.3927,25,5,15,0
BOP,10,Tous FD 10-22 ,0,0,0,0,0,64,2,34,0,0
BOP,12,Tous FD 10-22 ,0,0,0,0,0,79,2,19,0,0
BOP,14,Tous FD 10-22 ,0,0,0,0,0,82,2,13,3,0
BOP,16,Tous FD 10-22 ,0,0,0,0,0,82,2,13,3,0
BOP,18,Tous FD 10-22 ,0,0,0,0,0,82,2,10,6,0
BOP,20,Tous FD 10-22 ,0,0,0,0,0,82,2,9,7,0
BOP,22,Tous FD 10-22 ,0,0,0,0,0,82,2,9,7,0
BOP,24,BOP 24 +  ,0,0.2656828,0.1726053,38.85597,7.660777,30.04497,1,9,13,0
BOP,26,BOP 24 +  ,0,0.4600935,0.4785825,38.85597,6.218846,30.98651,1,9,13,0
BOP,28,BOP 24 +  ,0,0.7673572,1.182864,38.85597,5.145442,30.04837,2,9,13,0
BOP,30,BOP 24 +  ,0,1.227181,2.571018,34.63542,4.329537,33.23684,2,9,13,0
BOP,32,BOP 24 +  ,2.892848,1.378262,4.038994,29.75363,3.713595,34.22267,2,9,13,0
BOP,34,BOP 24 +  ,3.508458,2.016794,6.577869,27.19645,3.237193,33.46323,3,9,12,0
BOP,36,BOP 24 +  ,4.234676,2.806018,9.284185,25.04653,2.860718,30.76788,4,9,12,0
BOP,38,BOP 24 +  ,4.952251,3.716064,11.64421,23.2328,2.564124,28.89055,4,9,12,0
BOP,40,BOP 24 +  ,5.554898,4.673629,13.31207,21.58294,2.320232,26.55623,5,10,11,0
BOP,42,BOP 24 +  ,5.970739,5.577013,14.15332,19.95756,2.109107,25.23226,6,10,11,0
BOP,44,BOP 24 +  ,6.148817,6.317183,14.1382,18.2608,1.917222,25.21778,7,10,11,0
BOP,46,BOP 24 +  ,6.152228,6.913088,13.48518,16.71466,1.764858,25.96999,8,10,11,0
BOP,48,BOP 24 +  ,5.992376,7.369623,12.23676,15.33737,1.651729,27.41213,9,10,11,0
BOP,50,BOP 24 +  ,5.601031,7.599309,10.26427,13.93792,1.55598,29.0415,11,9,12,0
BOP,52,BOP 24 +  ,5.200597,7.056013,9.530446,12.94145,1.444738,30.82675,12,9,12,0
BOP,54,BOP 24 +  ,4.823306,6.544116,8.839036,12.00258,1.339926,31.45103,14,9,12,0
BOP,56,BOP 24 +  ,4.472505,6.06816,8.196169,11.12963,1.242473,32.89106,15,9,12,0
BOP,58,BOP 24 +  ,4.154068,5.636115,7.612613,10.33721,1.15401,35.10598,15,9,12,0
BOP,60,BOP 24 +  ,3.864542,5.243294,7.082036,9.61674,1.073579,37.11981,15,9,12,0
BOP,62,BOP 24 +  ,3.600864,4.885544,6.598828,8.96059,1.000329,38.95385,15,9,12,0
BOP,64,BOP 24 +  ,3.360325,4.559188,6.158024,8.36202,0.9335064,40.62694,15,9,12,0
BOP,66,BOP 24 +  ,3.140526,4.260971,5.755227,7.815059,0.8724457,42.15577,15,9,12,0
BOP,68,BOP 24 +  ,3.140526,4.260971,5.755227,7.815059,0.8724457,42.15577,15,9,12,0
BOP,70,BOP 24 +  ,3.140526,4.260971,5.755227,7.815059,0.8724457,42.15577,15,9,12,0
BOP,72,BOP 24 +  ,3.140526,4.260971,5.755227,7.815059,0.8724457,42.15577,15,9,12,0
BOP,74,BOP 24 +  ,3.140526,4.260971,5.755227,7.815059,0.8724457,42.15577,15,9,12,0
BOP,76,BOP 24 +  ,3.140526,4.260971,5.755227,7.815059,0.8724457,42.15577,15,9,12,0
BOP,78,BOP 24 +  ,3.140526,4.260971,5.755227,7.815059,0.8724457,42.15577,15,9,12,0
BOP,80,BOP 24 +  ,3.140526,4.260971,5.755227,7.815059,0.8724457,42.15577,15,9,12,0
BOP,82,BOP 24 +  ,3.140526,4.260971,5.755227,7.815059,0.8724457,42.15577,15,9,12,0
BOP,84,BOP 24 +  ,3.140526,4.260971,5.755227,7.815059,0.8724457,42.15577,15,9,12,0
BOP,86,BOP 24 +  ,3.140526,4.260971,5.755227,7.815059,0.8724457,42.15577,15,9,12,0
BOP,88,BOP 24 +  ,3.140526,4.260971,5.755227,7.815059,0.8724457,42.15577,15,9,12,0
BOP,90,BOP 24 +  ,3.140526,4.260971,5.755227,7.815059,0.8724457,42.15577,15,9,12,0
BOP,92,BOP 24 +  ,3.140526,4.260971,5.755227,7.815059,0.8724457,42.15577,15,9,12,0
BOP,94,BOP 24 +  ,3.140526,4.260971,5.755227,7.815059,0.8724457,42.15577,15,9,12,0
BOP,96,BOP 24 +  ,3.140526,4.260971,5.755227,7.815059,0.8724457,42.15577,15,9,12,0
BOP,98,BOP 24 +  ,3.140526,4.260971,5.755227,7.815059,0.8724457,42.15577,15,9,12,0
BOP,100,BOP 24 +  ,3.140526,4.260971,5.755227,7.815059,0.8724457,42.15577,15,9,12,0
BOP,102,BOP 24 +  ,3.140526,4.260971,5.755227,7.815059,0.8724457,42.15577,15,9,12,0
BOP,104,BOP 24 +  ,3.140526,4.260971,5.755227,7.815059,0.8724457,42.15577,15,9,12,0
BOP,106,BOP 24 +  ,3.140526,4.260971,5.755227,7.815059,0.8724457,42.15577,15,9,12,0
BOP,108,BOP 24 +  ,3.140526,4.260971,5.755227,7.815059,0.8724457,42.15577,15,9,12,0
BOP,110,BOP 24 +  ,3.140526,4.260971,5.755227,7.815059,0.8724457,42.15577,15,9,12,0
BOP,112,BOP 24 +  ,3.140526,4.260971,5.755227,7.815059,0.8724457,42.15577,15,9,12,0
BOP,114,BOP 24 +  ,3.140526,4.260971,5.755227,7.815059,0.8724457,42.15577,15,9,12,0
BOP,116,BOP 24 +  ,3.140526,4.260971,5.755227,7.815059,0.8724457,42.15577,15,9,12,0
BOP,118,BOP 24 +  ,3.140526,4.260971,5.755227,7.815059,0.8724457,42.15577,15,9,12,0
BOP,120,BOP 24 +  ,3.140526,4.260971,5.755227,7.815059,0.8724457,42.15577,15,9,12,0
BOP,122,BOP 24 +  ,3.140526,4.260971,5.755227,7.815059,0.8724457,42.15577,15,9,12,0
BOP,124,BOP 24 +  ,3.140526,4.260971,5.755227,7.815059,0.8724457,42.15577,15,9,12,0
BOP,126,BOP 24 +  ,3.140526,4.260971,5.755227,7.815059,0.8724457,42.15577,15,9,12,0
BOP,128,BOP 24 +  ,3.140526,4.260971,5.755227,7.815059,0.8724457,42.15577,15,9,12,0
BOP,130,BOP 24 +  ,3.140526,4.260971,5.755227,7.815059,0.8724457,42.15577,15,9,12,0
BOP,132,BOP 24 +  ,3.140526,4.260971,5.755227,7.815059,0.8724457,42.15577,15,9,12,0
BOP,134,BOP 24 +  ,3.140526,4.260971,5.755227,7.815059,0.8724457,42.15577,15,9,12,0
BOP,136,BOP 24 +  ,3.140526,4.260971,5.755227,7.815059,0.8724457,42.15577,15,9,12,0
BOP,138,BOP 24 +  ,3.140526,4.260971,5.755227,7.815059,0.8724457,42.15577,15,9,12,0
BOP,140,BOP 24 +  ,3.140526,4.260971,5.755227,7.815059,0.8724457,42.15577,15,9,12,0
BOP,142,BOP 24 +  ,3.140526,4.260971,5.755227,7.815059,0.8724457,42.15577,15,9,12,0
BOP,144,BOP 24 +  ,3.140526,4.260971,5.755227,7.815059,0.8724457,42.15577,15,9,12,0
BOP,146,BOP 24 +  ,3.140526,4.260971,5.755227,7.815059,0.8724457,42.15577,15,9,12,0
BOP,148,BOP 24 +  ,3.140526,4.260971,5.755227,7.815059,0.8724457,42.15577,15,9,12,0
BOP,150,BOP 24 +  ,3.140526,4.260971,5.755227,7.815059,0.8724457,42.15577,15,9,12,0
BOP,152,BOP 24 +  ,3.140526,4.260971,5.755227,7.815059,0.8724457,42.15577,15,9,12,0
BOP,154,BOP 24 +  ,3.140526,4.260971,5.755227,7.815059,0.8724457,42.15577,15,9,12,0
BOP,156,BOP 24 +  ,3.140526,4.260971,5.755227,7.815059,0.8724457,42.15577,15,9,12,0
BOP,158,BOP 24 +  ,3.140526,4.260971,5.755227,7.815059,0.8724457,42.15577,15,9,12,0
BOP,160,BOP 24 +  ,3.140526,4.260971,5.755227,7.815059,0.8724457,42.15577,15,9,12,0
CAC,10,Tous FD 10-22 ,0,0,0,0,0,60,1,39,0,0
CAC,12,Tous FD 10-22 ,0,0,0,0,0,78,1,21,0,0
CAC,14,Tous FD 10-22 ,0,0,0,0,0,80,1,15,4,0
CAC,16,Tous FD 10-22 ,0,0,0,0,0,80,1,12,7,0
CAC,18,Tous FD 10-22 ,0,0,0,0,0,80,1,10,9,0
CAC,20,Tous FD 10-22 ,0,0,0,0,0,80,1,9,10,0
CAC,22,Tous FD 10-22 ,0,0,0,0,0,80,1,9,10,0
CAC,24,AUF 24 +  ,0.369673,0.04070443,4.936518,32.87616,5.176368,29.60057,1,9,17,0
CAC,26,AUF 24 +  ,0.4783325,0.07069683,5.600336,32.87616,4.341733,28.63274,2,9,17,0
CAC,28,AUF 24 +  ,0.6112765,0.1194852,6.308047,32.87616,3.711318,28.37371,2,9,17,0
CAC,30,AUF 24 +  ,0.7687896,0.1957905,7.031725,28.12662,3.222135,31.65494,3,9,17,0
CAC,32,AUF 24 +  ,0.949098,0.3101482,7.742014,24.31018,2.83404,34.85452,3,9,17,0
CAC,34,AUF 24 +  ,1.146985,0.4734081,8.403649,21.16979,2.518266,37.2879,4,8,17,0
CAC,36,AUF 24 +  ,1.354757,0.6947109,8.988617,18.54342,2.256642,39.16185,4,8,17,0
CAC,38,AUF 24 +  ,1.56356,0.9790925,9.482936,16.33168,2.03816,39.60457,5,8,17,0
CAC,40,AUF 24 +  ,1.763038,1.324074,9.878349,14.45677,1.854267,41.7235,6,7,16,0
CAC,42,AUF 24 +  ,1.942219,1.717258,10.17186,12.85781,1.698311,42.61255,6,7,16,0
CAC,44,AUF 24 +  ,2.090512,2.135834,10.36454,11.48682,1.565104,42.35719,7,7,16,0
CAC,46,AUF 24 +  ,2.198048,2.547931,10.45705,10.30281,1.450153,42.04401,8,7,16,0
CAC,48,AUF 24 +  ,2.256828,2.916992,10.4502,9.272586,1.349802,42.75359,8,7,16,0
CAC,50,AUF 24 +  ,2.262335,3.208454,10.34811,8.372328,1.261518,44.54725,9,6,15,0
CAC,52,AUF 24 +  ,2.213528,3.394593,10.15509,7.582955,1.183317,44.47052,10,6,15,0
CAC,54,AUF 24 +  ,2.112961,3.458095,9.875205,6.888923,1.113626,44.55119,11,6,15,0
CAC,56,AUF 24 +  ,1.966041,3.392694,9.509418,6.275521,1.050871,44.80545,12,6,15,0
CAC,58,AUF 24 +  ,1.781893,3.205378,9.06191,5.732484,0.9940798,45.22425,13,6,15,0
CAC,60,AUF 24 +  ,1.572438,2.915309,8.540601,5.252964,0.9427915,46.7759,14,5,15,0
CAC,62,AUF 24 +  ,1.350323,2.549875,7.9533,4.830304,0.8965331,47.41967,15,5,15,0
CAC,64,AUF 24 +  ,1.127803,2.141616,7.308825,4.458266,0.8548445,48.10864,16,5,15,0
CAC,66,AUF 24 +  ,0.9156764,1.72437,6.618079,4.131147,0.817293,48.79343,17,5,15,0
CAC,68,AUF 24 +  ,0.7225197,1.329116,5.895661,3.844354,0.7835899,49.42476,18,5,15,0
CAC,70,AUF 24 +  ,0.5537024,0.9791179,5.156244,3.591897,0.7530826,49.96596,19,5,15,0
CAC,72,AUF 24 +  ,0.4117928,0.688368,4.416979,3.367761,0.7249998,50.3901,20,5,15,0
CAC,74,AUF 24 +  ,0.2970433,0.4614851,3.698592,3.167333,0.6987619,49.67678,22,5,15,0
CAC,76,AUF 24 +  ,0.2077516,0.2949167,3.022511,2.987026,0.6739329,49.81386,23,5,15,0
CAC,78,AUF 24 +  ,0.1409355,0.179767,2.409245,2.825727,0.6505816,49.79374,24,5,15,0
CAC,80,AUF 24 +  ,0.09279032,0.1046115,1.87321,2.682836,0.6288761,49.61768,25,5,15,0
CAC,82,AUF 24 +  ,0.05929476,0.0581392,1.420457,2.556381,0.6086397,50.29709,25,5,15,0
CAC,84,AUF 24 +  ,0.03677762,0.03086842,1.050719,2.444671,0.5897207,50.84724,25,5,15,0
CAC,86,AUF 24 +  ,0.02214214,0.01566081,0.7584731,2.346257,0.5719889,51.28548,25,5,15,0
CAC,88,AUF 24 +  ,0.01294047,0.007593603,0.5346158,2.259989,0.5553556,51.62951,25,5,15,0
CAC,90,AUF 24 +  ,0.007341806,0.003519452,0.3681893,2.184931,0.539755,51.89626,25,5,15,0
CAC,92,AUF 24 +  ,0.007019368,0.003364885,0.3520191,2.088973,0.5160499,52.03257,25,5,15,0
CAC,94,AUF 24 +  ,0.006717217,0.003220042,0.3368664,1.999053,0.4938365,52.16031,25,5,15,0
CAC,96,AUF 24 +  ,0.006433744,0.003084153,0.3226503,1.914691,0.4729961,52.28014,25,5,15,0
CAC,98,AUF 24 +  ,0.006167488,0.002956518,0.3092976,1.835452,0.4534214,52.3927,25,5,15,0
CAC,100,AUF 24 +  ,0.006167488,0.002956518,0.3092976,1.835452,0.4534214,52.3927,25,5,15,0
CAC,102,AUF 24 +  ,0.006167488,0.002956518,0.3092976,1.835452,0.4534214,52.3927,25,5,15,0
CAC,104,AUF 24 +  ,0.006167488,0.002956518,0.3092976,1.835452,0.4534214,52.3927,25,5,15,0
CAC,106,AUF 24 +  ,0.006167488,0.002956518,0.3092976,1.835452,0.4534214,52.3927,25,5,15,0
CAC,108,AUF 24 +  ,0.006167488,0.002956518,0.3092976,1.835452,0.4534214,52.3927,25,5,15,0
CAC,110,AUF 24 +  ,0.006167488,0.002956518,0.3092976,1.835452,0.4534214,52.3927,25,5,15,0
CAC,112,AUF 24 +  ,0.006167488,0.002956518,0.3092976,1.835452,0.4534214,52.3927,25,5,15,0
CAC,114,AUF 24 +  ,0.006167488,0.002956518,0.3092976,1.835452,0.4534214,52.3927,25,5,15,0
CAC,116,AUF 24 +  ,0.006167488,0.002956518,0.3092976,1.835452,0.4534214,52.3927,25,5,15,0
CAC,118,AUF 24 +  ,0.006167488,0.002956518,0.3092976,1.835452,0.4534214,52.3927,25,5,15,0
CAC,120,AUF 24 +  ,0.006167488,0.002956518,0.3092976,1.835452,0.4534214,52.3927,25,5,15,0
CAC,122,AUF 24 +  ,0.006167488,0.002956518,0.3092976,1.835452,0.4534214,52.3927,25,5,15,0
CAC,124,AUF 24 +  ,0.006167488,0.002956518,0.3092976,1.835452,0.4534214,52.3927,25,5,15,0
CAC,126,AUF 24 +  ,0.006167488,0.002956518,0.3092976,1.835452,0.4534214,52.3927,25,5,15,0
CAC,128,AUF 24 +  ,0.006167488,0.002956518,0.3092976,1.835452,0.4534214,52.3927,25,5,15,0
CAC,130,AUF 24 +  ,0.006167488,0.002956518,0.3092976,1.835452,0.4534214,52.3927,25,5,15,0
CAC,132,AUF 24 +  ,0.006167488,0.002956518,0.3092976,1.835452,0.4534214,52.3927,25,5,15,0
CAC,134,AUF 24 +  ,0.006167488,0.002956518,0.3092976,1.835452,0.4534214,52.3927,25,5,15,0
CAC,136,AUF 24 +  ,0.006167488,0.002956518,0.3092976,1.835452,0.4534214,52.3927,25,5,15,0
CAC,138,AUF 24 +  ,0.006167488,0.002956518,0.3092976,1.835452,0.4534214,52.3927,25,5,15,0
CAC,140,AUF 24 +  ,0.006167488,0.002956518,0.3092976,1.835452,0.4534214,52.3927,25,5,15,0
CAC,142,AUF 24 +  ,0.006167488,0.002956518,0.3092976,1.835452,0.4534214,52.3927,25,5,15,0
CAC,144,AUF 24 +  ,0.006167488,0.002956518,0.3092976,1.835452,0.4534214,52.3927,25,5,15,0
CAC,146,AUF 24 +  ,0.006167488,0.002956518,0.3092976,1.835452,0.4534214,52.3927,25,5,15,0
CAC,148,AUF 24 +  ,0.006167488,0.002956518,0.3092976,1.835452,0.4534214,52.3927,25,5,15,0
CAC,150,AUF 24 +  ,0.006167488,0.002956518,0.3092976,1.835452,0.4534214,52.3927,25,5,15,0
CAC,152,AUF 24 +  ,0.006167488,0.002956518,0.3092976,1.835452,0.4534214,52.3927,25,5,15,0
CAC,154,AUF 24 +  ,0.006167488,0.002956518,0.3092976,1.835452,0.4534214,52.3927,25,5,15,0
CAC,156,AUF 24 +  ,0.006167488,0.002956518,0.3092976,1.835452,0.4534214,52.3927,25,5,15,0
CAC,158,AUF 24 +  ,0.006167488,0.002956518,0.3092976,1.835452,0.4534214,52.3927,25,5,15,0
CAC,160,AUF 24 +  ,0.006167488,0.002956518,0.3092976,1.835452,0.4534214,52.3927,25,5,15,0
CAF,10,Tous FD 10-22 ,0,0,0,0,0,60,1,39,0,0
CAF,12,Tous FD 10-22 ,0,0,0,0,0,78,1,21,0,0
CAF,14,Tous FD 10-22 ,0,0,0,0,0,80,1,15,4,0
CAF,16,Tous FD 10-22 ,0,0,0,0,0,80,1,12,7,0
CAF,18,Tous FD 10-22 ,0,0,0,0,0,80,1,10,9,0
CAF,20,Tous FD 10-22 ,0,0,0,0,0,80,1,9,10,0
CAF,22,Tous FD 10-22 ,0,0,0,0,0,80,1,9,10,0
CAF,24,AUF 24 +  ,0.369673,0.04070443,4.936518,32.87616,5.176368,29.60057,1,9,17,0
CAF,26,AUF 24 +  ,0.4783325,0.07069683,5.600336,32.87616,4.341733,28.63274,2,9,17,0
CAF,28,AUF 24 +  ,0.6112765,0.1194852,6.308047,32.87616,3.711318,28.37371,2,9,17,0
CAF,30,AUF 24 +  ,0.7687896,0.1957905,7.031725,28.12662,3.222135,31.65494,3,9,17,0
CAF,32,AUF 24 +  ,0.949098,0.3101482,7.742014,24.31018,2.83404,34.85452,3,9,17,0
CAF,34,AUF 24 +  ,1.146985,0.4734081,8.403649,21.16979,2.518266,37.2879,4,8,17,0
CAF,36,AUF 24 +  ,1.354757,0.6947109,8.988617,18.54342,2.256642,39.16185,4,8,17,0
CAF,38,AUF 24 +  ,1.56356,0.9790925,9.482936,16.33168,2.03816,39.60457,5,8,17,0
CAF,40,AUF 24 +  ,1.763038,1.324074,9.878349,14.45677,1.854267,41.7235,6,7,16,0
CAF,42,AUF 24 +  ,1.942219,1.717258,10.17186,12.85781,1.698311,42.61255,6,7,16,0
CAF,44,AUF 24 +  ,2.090512,2.135834,10.36454,11.48682,1.565104,42.35719,7,7,16,0
CAF,46,AUF 24 +  ,2.198048,2.547931,10.45705,10.30281,1.450153,42.04401,8,7,16,0
CAF,48,AUF 24 +  ,2.256828,2.916992,10.4502,9.272586,1.349802,42.75359,8,7,16,0
CAF,50,AUF 24 +  ,2.262335,3.208454,10.34811,8.372328,1.261518,44.54725,9,6,15,0
CAF,52,AUF 24 +  ,2.213528,3.394593,10.15509,7.582955,1.183317,44.47052,10,6,15,0
CAF,54,AUF 24 +  ,2.112961,3.458095,9.875205,6.888923,1.113626,44.55119,11,6,15,0
CAF,56,AUF 24 +  ,1.966041,3.392694,9.509418,6.275521,1.050871,44.80545,12,6,15,0
CAF,58,AUF 24 +  ,1.781893,3.205378,9.06191,5.732484,0.9940798,45.22425,13,6,15,0
CAF,60,AUF 24 +  ,1.572438,2.915309,8.540601,5.252964,0.9427915,46.7759,14,5,15,0
CAF,62,AUF 24 +  ,1.350323,2.549875,7.9533,4.830304,0.8965331,47.41967,15,5,15,0
CAF,64,AUF 24 +  ,1.127803,2.141616,7.308825,4.458266,0.8548445,48.10864,16,5,15,0
CAF,66,AUF 24 +  ,0.9156764,1.72437,6.618079,4.131147,0.817293,48.79343,17,5,15,0
CAF,68,AUF 24 +  ,0.7225197,1.329116,5.895661,3.844354,0.7835899,49.42476,18,5,15,0
CAF,70,AUF 24 +  ,0.5537024,0.9791179,5.156244,3.591897,0.7530826,49.96596,19,5,15,0
CAF,72,AUF 24 +  ,0.4117928,0.688368,4.416979,3.367761,0.7249998,50.3901,20,5,15,0
CAF,74,AUF 24 +  ,0.2970433,0.4614851,3.698592,3.167333,0.6987619,49.67678,22,5,15,0
CAF,76,AUF 24 +  ,0.2077516,0.2949167,3.022511,2.987026,0.6739329,49.81386,23,5,15,0
CAF,78,AUF 24 +  ,0.1409355,0.179767,2.409245,2.825727,0.6505816,49.79374,24,5,15,0
CAF,80,AUF 24 +  ,0.09279032,0.1046115,1.87321,2.682836,0.6288761,49.61768,25,5,15,0
CAF,82,AUF 24 +  ,0.05929476,0.0581392,1.420457,2.556381,0.6086397,50.29709,25,5,15,0
CAF,84,AUF 24 +  ,0.03677762,0.03086842,1.050719,2.444671,0.5897207,50.84724,25,5,15,0
CAF,86,AUF 24 +  ,0.02214214,0.01566081,0.7584731,2.346257,0.5719889,51.28548,25,5,15,0
CAF,88,AUF 24 +  ,0.01294047,0.007593603,0.5346158,2.259989,0.5553556,51.62951,25,5,15,0
CAF,90,AUF 24 +  ,0.007341806,0.003519452,0.3681893,2.184931,0.539755,51.89626,25,5,15,0
CAF,92,AUF 24 +  ,0.007019368,0.003364885,0.3520191,2.088973,0.5160499,52.03257,25,5,15,0
CAF,94,AUF 24 +  ,0.006717217,0.003220042,0.3368664,1.999053,0.4938365,52.16031,25,5,15,0
CAF,96,AUF 24 +  ,0.006433744,0.003084153,0.3226503,1.914691,0.4729961,52.28014,25,5,15,0
CAF,98,AUF 24 +  ,0.006167488,0.002956518,0.3092976,1.835452,0.4534214,52.3927,25,5,15,0
CAF,100,AUF 24 +  ,0.006167488,0.002956518,0.3092976,1.835452,0.4534214,52.3927,25,5,15,0
CAF,102,AUF 24 +  ,0.006167488,0.002956518,0.3092976,1.835452,0.4534214,52.3927,25,5,15,0
CAF,104,AUF 24 +  ,0.006167488,0.002956518,0.3092976,1.835452,0.4534214,52.3927,25,5,15,0
CAF,106,AUF 24 +  ,0.006167488,0.002956518,0.3092976,1.835452,0.4534214,52.3927,25,5,15,0
CAF,108,AUF 24 +  ,0.006167488,0.002956518,0.3092976,1.835452,0.4534214,52.3927,25,5,15,0
CAF,110,AUF 24 +  ,0.006167488,0.002956518,0.3092976,1.835452,0.4534214,52.3927,25,5,15,0
CAF,112,AUF 24 +  ,0.006167488,0.002956518,0.3092976,1.835452,0.4534214,52.3927,25,5,15,0
CAF,114,AUF 24 +  ,0.006167488,0.002956518,0.3092976,1.835452,0.4534214,52.3927,25,5,15,0
CAF,116,AUF 24 +  ,0.006167488,0.002956518,0.3092976,1.835452,0.4534214,52.3927,25,5,15,0
CAF,118,AUF 24 +  ,0.006167488,0.002956518,0.3092976,1.835452,0.4534214,52.3927,25,5,15,0
CAF,120,AUF 24 +  ,0.006167488,0.002956518,0.3092976,1.835452,0.4534214,52.3927,25,5,15,0
CAF,122,AUF 24 +  ,0.006167488,0.002956518,0.3092976,1.835452,0.4534214,52.3927,25,5,15,0
CAF,124,AUF 24 +  ,0.006167488,0.002956518,0.3092976,1.835452,0.4534214,52.3927,25,5,15,0
CAF,126,AUF 24 +  ,0.006167488,0.002956518,0.3092976,1.835452,0.4534214,52.3927,25,5,15,0
CAF,128,AUF 24 +  ,0.006167488,0.002956518,0.3092976,1.835452,0.4534214,52.3927,25,5,15,0
CAF,130,AUF 24 +  ,0.006167488,0.002956518,0.3092976,1.835452,0.4534214,52.3927,25,5,15,0
CAF,132,AUF 24 +  ,0.006167488,0.002956518,0.3092976,1.835452,0.4534214,52.3927,25,5,15,0
CAF,134,AUF 24 +  ,0.006167488,0.002956518,0.3092976,1.835452,0.4534214,52.3927,25,5,15,0
CAF,136,AUF 24 +  ,0.006167488,0.002956518,0.3092976,1.835452,0.4534214,52.3927,25,5,15,0
CAF,138,AUF 24 +  ,0.006167488,0.002956518,0.3092976,1.835452,0.4534214,52.3927,25,5,15,0
CAF,140,AUF 24 +  ,0.006167488,0.002956518,0.3092976,1.835452,0.4534214,52.3927,25,5,15,0
CAF,142,AUF 24 +  ,0.006167488,0.002956518,0.3092976,1.835452,0.4534214,52.3927,25,5,15,0
CAF,144,AUF 24 +  ,0.006167488,0.002956518,0.3092976,1.835452,0.4534214,52.3927,25,5,15,0
CAF,146,AUF 24 +  ,0.006167488,0.002956518,0.3092976,1.835452,0.4534214,52.3927,25,5,15,0
CAF,148,AUF 24 +  ,0.006167488,0.002956518,0.3092976,1.835452,0.4534214,52.3927,25,5,15,0
CAF,150,AUF 24 +  ,0.006167488,0.002956518,0.3092976,1.835452,0.4534214,52.3927,25,5,15,0
CAF,152,AUF 24 +  ,0.006167488,0.002956518,0.3092976,1.835452,0.4534214,52.3927,25,5,15,0
CAF,154,AUF 24 +  ,0.006167488,0.002956518,0.3092976,1.835452,0.4534214,52.3927,25,5,15,0
CAF,156,AUF 24 +  ,0.006167488,0.002956518,0.3092976,1.835452,0.4534214,52.3927,25,5,15,0
CAF,158,AUF 24 +  ,0.006167488,0.002956518,0.3092976,1.835452,0.4534214,52.3927,25,5,15,0
CAF,160,AUF 24 +  ,0.006167488,0.002956518,0.3092976,1.835452,0.4534214,52.3927,25,5,15,0
CET,10,Tous FD 10-22 ,0,0,0,0,0,60,1,39,0,0
CET,12,Tous FD 10-22 ,0,0,0,0,0,78,1,21,0,0
CET,14,Tous FD 10-22 ,0,0,0,0,0,80,1,15,4,0
CET,16,Tous FD 10-22 ,0,0,0,0,0,80,1,12,7,0
CET,18,Tous FD 10-22 ,0,0,0,0,0,80,1,10,9,0
CET,20,Tous FD 10-22 ,0,0,0,0,0,80,1,9,10,0
CET,22,Tous FD 10-22 ,0,0,0,0,0,80,1,9,10,0
CET,24,AUF 24 +  ,0.369673,0.04070443,4.936518,32.87616,5.176368,29.60057,1,9,17,0
CET,26,AUF 24 +  ,0.4783325,0.07069683,5.600336,32.87616,4.341733,28.63274,2,9,17,0
CET,28,AUF 24 +  ,0.6112765,0.1194852,6.308047,32.87616,3.711318,28.37371,2,9,17,0
CET,30,AUF 24 +  ,0.7687896,0.1957905,7.031725,28.12662,3.222135,31.65494,3,9,17,0
CET,32,AUF 24 +  ,0.949098,0.3101482,7.742014,24.31018,2.83404,34.85452,3,9,17,0
CET,34,AUF 24 +  ,1.146985,0.4734081,8.403649,21.16979,2.518266,37.2879,4,8,17,0
CET,36,AUF 24 +  ,1.354757,0.6947109,8.988617,18.54342,2.256642,39.16185,4,8,17,0
CET,38,AUF 24 +  ,1.56356,0.9790925,9.482936,16.33168,2.03816,39.60457,5,8,17,0
CET,40,AUF 24 +  ,1.763038,1.324074,9.878349,14.45677,1.854267,41.7235,6,7,16,0
CET,42,AUF 24 +  ,1.942219,1.717258,10.17186,12.85781,1.698311,42.61255,6,7,16,0
CET,44,AUF 24 +  ,2.090512,2.135834,10.36454,11.48682,1.565104,42.35719,7,7,16,0
CET,46,AUF 24 +  ,2.198048,2.547931,10.45705,10.30281,1.450153,42.04401,8,7,16,0
CET,48,AUF 24 +  ,2.256828,2.916992,10.4502,9.272586,1.349802,42.75359,8,7,16,0
CET,50,AUF 24 +  ,2.262335,3.208454,10.34811,8.372328,1.261518,44.54725,9,6,15,0
CET,52,AUF 24 +  ,2.213528,3.394593,10.15509,7.582955,1.183317,44.47052,10,6,15,0
CET,54,AUF 24 +  ,2.112961,3.458095,9.875205,6.888923,1.113626,44.55119,11,6,15,0
CET,56,AUF 24 +  ,1.966041,3.392694,9.509418,6.275521,1.050871,44.80545,12,6,15,0
CET,58,AUF 24 +  ,1.781893,3.205378,9.06191,5.732484,0.9940798,45.22425,13,6,15,0
CET,60,AUF 24 +  ,1.572438,2.915309,8.540601,5.252964,0.9427915,46.7759,14,5,15,0
CET,62,AUF 24 +  ,1.350323,2.549875,7.9533,4.830304,0.8965331,47.41967,15,5,15,0
CET,64,AUF 24 +  ,1.127803,2.141616,7.308825,4.458266,0.8548445,48.10864,16,5,15,0
CET,66,AUF 24 +  ,0.9156764,1.72437,6.618079,4.131147,0.817293,48.79343,17,5,15,0
CET,68,AUF 24 +  ,0.7225197,1.329116,5.895661,3.844354,0.7835899,49.42476,18,5,15,0
CET,70,AUF 24 +  ,0.5537024,0.9791179,5.156244,3.591897,0.7530826,49.96596,19,5,15,0
CET,72,AUF 24 +  ,0.4117928,0.688368,4.416979,3.367761,0.7249998,50.3901,20,5,15,0
CET,74,AUF 24 +  ,0.2970433,0.4614851,3.698592,3.167333,0.6987619,49.67678,22,5,15,0
CET,76,AUF 24 +  ,0.2077516,0.2949167,3.022511,2.987026,0.6739329,49.81386,23,5,15,0
CET,78,AUF 24 +  ,0.1409355,0.179767,2.409245,2.825727,0.6505816,49.79374,24,5,15,0
CET,80,AUF 24 +  ,0.09279032,0.1046115,1.87321,2.682836,0.6288761,49.61768,25,5,15,0
CET,82,AUF 24 +  ,0.05929476,0.0581392,1.420457,2.556381,0.6086397,50.29709,25,5,15,0
CET,84,AUF 24 +  ,0.03677762,0.03086842,1.050719,2.444671,0.5897207,50.84724,25,5,15,0
CET,86,AUF 24 +  ,0.02214214,0.01566081,0.7584731,2.346257,0.5719889,51.28548,25,5,15,0
CET,88,AUF 24 +  ,0.01294047,0.007593603,0.5346158,2.259989,0.5553556,51.62951,25,5,15,0
CET,90,AUF 24 +  ,0.007341806,0.003519452,0.3681893,2.184931,0.539755,51.89626,25,5,15,0
CET,92,AUF 24 +  ,0.007019368,0.003364885,0.3520191,2.088973,0.5160499,52.03257,25,5,15,0
CET,94,AUF 24 +  ,0.006717217,0.003220042,0.3368664,1.999053,0.4938365,52.16031,25,5,15,0
CET,96,AUF 24 +  ,0.006433744,0.003084153,0.3226503,1.914691,0.4729961,52.28014,25,5,15,0
CET,98,AUF 24 +  ,0.006167488,0.002956518,0.3092976,1.835452,0.4534214,52.3927,25,5,15,0
CET,100,AUF 24 +  ,0.006167488,0.002956518,0.3092976,1.835452,0.4534214,52.3927,25,5,15,0
CET,102,AUF 24 +  ,0.006167488,0.002956518,0.3092976,1.835452,0.4534214,52.3927,25,5,15,0
CET,104,AUF 24 +  ,0.006167488,0.002956518,0.3092976,1.835452,0.4534214,52.3927,25,5,15,0
CET,106,AUF 24 +  ,0.006167488,0.002956518,0.3092976,1.835452,0.4534214,52.3927,25,5,15,0
CET,108,AUF 24 +  ,0.006167488,0.002956518,0.3092976,1.835452,0.4534214,52.3927,25,5,15,0
CET,110,AUF 24 +  ,0.006167488,0.002956518,0.3092976,1.835452,0.4534214,52.3927,25,5,15,0
CET,112,AUF 24 +  ,0.006167488,0.002956518,0.3092976,1.835452,0.4534214,52.3927,25,5,15,0
CET,114,AUF 24 +  ,0.006167488,0.002956518,0.3092976,1.835452,0.4534214,52.3927,25,5,15,0
CET,116,AUF 24 +  ,0.006167488,0.002956518,0.3092976,1.835452,0.4534214,52.3927,25,5,15,0
CET,118,AUF 24 +  ,0.006167488,0.002956518,0.3092976,1.835452,0.4534214,52.3927,25,5,15,0
CET,120,AUF 24 +  ,0.006167488,0.002956518,0.3092976,1.835452,0.4534214,52.3927,25,5,15,0
CET,122,AUF 24 +  ,0.006167488,0.002956518,0.3092976,1.835452,0.4534214,52.3927,25,5,15,0
CET,124,AUF 24 +  ,0.006167488,0.002956518,0.3092976,1.835452,0.4534214,52.3927,25,5,15,0
CET,126,AUF 24 +  ,0.006167488,0.002956518,0.3092976,1.835452,0.4534214,52.3927,25,5,15,0
CET,128,AUF 24 +  ,0.006167488,0.002956518,0.3092976,1.835452,0.4534214,52.3927,25,5,15,0
CET,130,AUF 24 +  ,0.006167488,0.002956518,0.3092976,1.835452,0.4534214,52.3927,25,5,15,0
CET,132,AUF 24 +  ,0.006167488,0.002956518,0.3092976,1.835452,0.4534214,52.3927,25,5,15,0
CET,134,AUF 24 +  ,0.006167488,0.002956518,0.3092976,1.835452,0.4534214,52.3927,25,5,15,0
CET,136,AUF 24 +  ,0.006167488,0.002956518,0.3092976,1.835452,0.4534214,52.3927,25,5,15,0
CET,138,AUF 24 +  ,0.006167488,0.002956518,0.3092976,1.835452,0.4534214,52.3927,25,5,15,0
CET,140,AUF 24 +  ,0.006167488,0.002956518,0.3092976,1.835452,0.4534214,52.3927,25,5,15,0
CET,142,AUF 24 +  ,0.006167488,0.002956518,0.3092976,1.835452,0.4534214,52.3927,25,5,15,0
CET,144,AUF 24 +  ,0.006167488,0.002956518,0.3092976,1.835452,0.4534214,52.3927,25,5,15,0
CET,146,AUF 24 +  ,0.006167488,0.002956518,0.3092976,1.835452,0.4534214,52.3927,25,5,15,0
CET,148,AUF 24 +  ,0.006167488,0.002956518,0.3092976,1.835452,0.4534214,52.3927,25,5,15,0
CET,150,AUF 24 +  ,0.006167488,0.002956518,0.3092976,1.835452,0.4534214,52.3927,25,5,15,0
CET,152,AUF 24 +  ,0.006167488,0.002956518,0.3092976,1.835452,0.4534214,52.3927,25,5,15,0
CET,154,AUF 24 +  ,0.006167488,0.002956518,0.3092976,1.835452,0.4534214,52.3927,25,5,15,0
CET,156,AUF 24 +  ,0.006167488,0.002956518,0.3092976,1.835452,0.4534214,52.3927,25,5,15,0
CET,158,AUF 24 +  ,0.006167488,0.002956518,0.3092976,1.835452,0.4534214,52.3927,25,5,15,0
CET,160,AUF 24 +  ,0.006167488,0.002956518,0.3092976,1.835452,0.4534214,52.3927,25,5,15,0
CHB,10,Tous FD 10-22 ,0,0,0,0,0,57,1,42,0,0
CHB,12,Tous FD 10-22 ,0,0,0,0,0,75,1,24,0,0
CHB,14,Tous FD 10-22 ,0,0,0,0,0,79,1,18,2,0
CHB,16,Tous FD 10-22 ,0,0,0,0,0,79,1,15,5,0
CHB,18,Tous FD 10-22 ,0,0,0,0,0,79,1,13,7,0
CHB,20,Tous FD 10-22 ,0,0,0,0,0,79,1,12,8,0
CHB,22,Tous FD 10-22 ,0,0,0,0,0,79,1,12,8,0
CHB,24,CHE 24 - 32  ,0,0.1897832,12.77874,34.03445,6.705673,20.29136,2,12,12,0
CHB,26,CHE 24 - 32  ,0,0.3844765,13.0722,33.06498,6.536101,20.94224,2,12,12,0
CHB,28,CHE 24 - 32  ,0,0.5842731,13.37336,32.0701,6.362085,21.61018,2,12,12,0
CHB,30,CHE 24 - 32  ,0,0.7893761,13.68252,31.0488,6.183446,22.29586,2,12,12,0
CHB,32,CHE 24 - 32  ,0,1,14,30,6,22,3,12,12,0
CHB,34,CHE 34 +  ,0,1.678223,14.23133,28.73117,5.773086,22.5862,3,12,12,0
CHB,36,CHE 34 +  ,0,2.365916,14.46588,27.44462,5.543002,23.18058,3,12,12,0
CHB,38,CHE 34 +  ,0,3.063279,14.70374,26.13998,5.309684,23.78332,3,12,12,0
CHB,40,CHE 34 +  ,6.259497,3.278784,12.99591,21.58036,4.411455,25.47399,3,11,12,0
CHB,42,CHE 34 +  ,6.3,3.9,13.2,20.4,4.2,25,4,11,12,0
CHB,44,CHE 34 +  ,6.34103,4.529307,13.40675,19.20426,3.98579,25.53286,4,11,12,0
CHB,46,CHE 34 +  ,6.382598,5.166865,13.61621,17.99285,3.768772,26.07271,4,11,12,0
CHB,48,CHE 34 +  ,6.424715,5.812838,13.82843,16.76545,3.54889,25.61968,5,11,12,0
CHB,50,CHE 34 +  ,6.467391,6.467391,14.04348,15.52174,3.326087,26.17391,5,11,12,0
CHB,52,CHE 34 +  ,6.541457,7.164453,14.32891,14.32891,3.114979,26.5213,5,11,12,0
CHB,54,CHE 34 +  ,6.617238,7.877665,14.62094,13.10843,2.898981,25.87674,6,11,12,0
CHB,56,CHE 34 +  ,6.694796,8.607594,14.91983,11.85935,2.677918,26.24051,6,11,12,0
CHB,58,CHE 34 +  ,6.774194,9.354838,15.22581,10.58065,2.451613,25.6129,7,11,12,0
CHB,60,CHE 34 +  ,6.956313,10.26884,15.76764,9.407585,2.25252,26.3471,7,10,12,0
CHB,62,CHE 34 +  ,7.040816,11.06414,16.09329,8.046647,2.011662,26.74344,7,10,12,0
CHB,64,CHE 34 +  ,7.030568,11.04803,16.06987,8.034934,2.008734,25.80786,8,10,12,0
CHB,66,CHE 34 +  ,7.030568,11.04803,16.06987,8.034934,2.008734,25.80786,8,10,12,0
CHB,68,CHE 34 +  ,7.010159,11.01597,16.02322,8.011611,2.002903,24.93614,9,10,12,0
CHB,70,CHE 34 +  ,7.010159,11.01597,16.02322,8.011611,2.002903,24.93614,9,10,12,0
CHB,72,CHE 34 +  ,7,11,16,8,2,24,10,10,12,0
CHB,74,CHE 34 +  ,7,11,16,8,2,24,10,10,12,0
CHB,76,CHE 34 +  ,7,11,16,8,2,24,10,10,12,0
CHB,78,CHE 34 +  ,7,11,16,8,2,24,10,10,12,0
CHB,80,CHE 34 +  ,7,11,16,8,2,24,10,10,12,0
CHB,82,CHE 34 +  ,7,11,16,8,2,24,10,10,12,0
CHB,84,CHE 34 +  ,7,11,16,8,2,24,10,10,12,0
CHB,86,CHE 34 +  ,7,11,16,8,2,24,10,10,12,0
CHB,88,CHE 34 +  ,7,11,16,8,2,24,10,10,12,0
CHB,90,CHE 34 +  ,7,11,16,8,2,24,10,10,12,0
CHB,92,CHE 34 +  ,7,11,16,8,2,24,10,10,12,0
CHB,94,CHE 34 +  ,7,11,16,8,2,24,10,10,12,0
CHB,96,CHE 34 +  ,7,11,16,8,2,24,10,10,12,0
CHB,98,CHE 34 +  ,7,11,16,8,2,24,10,10,12,0
CHB,100,CHE 34 +  ,7,11,16,8,2,24,10,10,12,0
CHB,102,CHE 34 +  ,7,11,16,8,2,24,10,10,12,0
CHB,104,CHE 34 +  ,7,11,16,8,2,24,10,10,12,0
CHB,106,CHE 34 +  ,7,11,16,8,2,24,10,10,12,0
CHB,108,CHE 34 +  ,7,11,16,8,2,24,10,10,12,0
CHB,110,CHE 34 +  ,7,11,16,8,2,24,10,10,12,0
CHB,112,CHE 34 +  ,7,11,16,8,2,24,10,10,12,0
CHB,114,CHE 34 +  ,7,11,16,8,2,24,10,10,12,0
CHB,116,CHE 34 +  ,7,11,16,8,2,24,10,10,12,0
CHB,118,CHE 34 +  ,7,11,16,8,2,24,10,10,12,0
CHB,120,CHE 34 +  ,7,11,16,8,2,24,10,10,12,0
CHB,122,CHE 34 +  ,7,11,16,8,2,24,10,10,12,0
CHB,124,CHE 34 +  ,7,11,16,8,2,24,10,10,12,0
CHB,126,CHE 34 +  ,7,11,16,8,2,24,10,10,12,0
CHB,128,CHE 34 +  ,7,11,16,8,2,24,10,10,12,0
CHB,130,CHE 34 +  ,7,11,16,8,2,24,10,10,12,0
CHB,132,CHE 34 +  ,7,11,16,8,2,24,10,10,12,0
CHB,134,CHE 34 +  ,7,11,16,8,2,24,10,10,12,0
CHB,136,CHE 34 +  ,7,11,16,8,2,24,10,10,12,0
CHB,138,CHE 34 +  ,7,11,16,8,2,24,10,10,12,0
CHB,140,CHE 34 +  ,7,11,16,8,2,24,10,10,12,0
CHB,142,CHE 34 +  ,7,11,16,8,2,24,10,10,12,0
CHB,144,CHE 34 +  ,7,11,16,8,2,24,10,10,12,0
CHB,146,CHE 34 +  ,7,11,16,8,2,24,10,10,12,0
CHB,148,CHE 34 +  ,7,11,16,8,2,24,10,10,12,0
CHB,150,CHE 34 +  ,7,11,16,8,2,24,10,10,12,0
CHB,152,CHE 34 +  ,7,11,16,8,2,24,10,10,12,0
CHB,154,CHE 34 +  ,7,11,16,8,2,24,10,10,12,0
CHB,156,CHE 34 +  ,7,11,16,8,2,24,10,10,12,0
CHB,158,CHE 34 +  ,7,11,16,8,2,24,10,10,12,0
CHB,160,CHE 34 +  ,7,11,16,8,2,24,10,10,12,0
CHE,10,Tous FD 10-22 ,0,0,0,0,0,57,1,42,0,0
CHE,12,Tous FD 10-22 ,0,0,0,0,0,75,1,24,0,0
CHE,14,Tous FD 10-22 ,0,0,0,0,0,79,1,18,2,0
CHE,16,Tous FD 10-22 ,0,0,0,0,0,79,1,15,5,0
CHE,18,Tous FD 10-22 ,0,0,0,0,0,79,1,13,7,0
CHE,20,Tous FD 10-22 ,0,0,0,0,0,79,1,12,8,0
CHE,22,Tous FD 10-22 ,0,0,0,0,0,79,1,12,8,0
CHE,24,CHE 24 - 32  ,0,0.1897832,12.77874,34.03445,6.705673,20.29136,2,12,12,0
CHE,26,CHE 24 - 32  ,0,0.3844765,13.0722,33.06498,6.536101,20.94224,2,12,12,0
CHE,28,CHE 24 - 32  ,0,0.5842731,13.37336,32.0701,6.362085,21.61018,2,12,12,0
CHE,30,CHE 24 - 32  ,0,0.7893761,13.68252,31.0488,6.183446,22.29586,2,12,12,0
CHE,32,CHE 24 - 32  ,0,1,14,30,6,22,3,12,12,0
CHE,34,CHE 34 +  ,0,1.678223,14.23133,28.73117,5.773086,22.5862,3,12,12,0
CHE,36,CHE 34 +  ,0,2.365916,14.46588,27.44462,5.543002,23.18058,3,12,12,0
CHE,38,CHE 34 +  ,0,3.063279,14.70374,26.13998,5.309684,23.78332,3,12,12,0
CHE,40,CHE 34 +  ,6.259497,3.278784,12.99591,21.58036,4.411455,25.47399,3,11,12,0
CHE,42,CHE 34 +  ,6.3,3.9,13.2,20.4,4.2,25,4,11,12,0
CHE,44,CHE 34 +  ,6.34103,4.529307,13.40675,19.20426,3.98579,25.53286,4,11,12,0
CHE,46,CHE 34 +  ,6.382598,5.166865,13.61621,17.99285,3.768772,26.07271,4,11,12,0
CHE,48,CHE 34 +  ,6.424715,5.812838,13.82843,16.76545,3.54889,25.61968,5,11,12,0
CHE,50,CHE 34 +  ,6.467391,6.467391,14.04348,15.52174,3.326087,26.17391,5,11,12,0
CHE,52,CHE 34 +  ,6.541457,7.164453,14.32891,14.32891,3.114979,26.5213,5,11,12,0
CHE,54,CHE 34 +  ,6.617238,7.877665,14.62094,13.10843,2.898981,25.87674,6,11,12,0
CHE,56,CHE 34 +  ,6.694796,8.607594,14.91983,11.85935,2.677918,26.24051,6,11,12,0
CHE,58,CHE 34 +  ,6.774194,9.354838,15.22581,10.58065,2.451613,25.6129,7,11,12,0
CHE,60,CHE 34 +  ,6.956313,10.26884,15.76764,9.407585,2.25252,26.3471,7,10,12,0
CHE,62,CHE 34 +  ,7.040816,11.06414,16.09329,8.046647,2.011662,26.74344,7,10,12,0
CHE,64,CHE 34 +  ,7.030568,11.04803,16.06987,8.034934,2.008734,25.80786,8,10,12,0
CHE,66,CHE 34 +  ,7.030568,11.04803,16.06987,8.034934,2.008734,25.80786,8,10,12,0
CHE,68,CHE 34 +  ,7.010159,11.01597,16.02322,8.011611,2.002903,24.93614,9,10,12,0
CHE,70,CHE 34 +  ,7.010159,11.01597,16.02322,8.011611,2.002903,24.93614,9,10,12,0
CHE,72,CHE 34 +  ,7,11,16,8,2,24,10,10,12,0
CHE,74,CHE 34 +  ,7,11,16,8,2,24,10,10,12,0
CHE,76,CHE 34 +  ,7,11,16,8,2,24,10,10,12,0
CHE,78,CHE 34 +  ,7,11,16,8,2,24,10,10,12,0
CHE,80,CHE 34 +  ,7,11,16,8,2,24,10,10,12,0
CHE,82,CHE 34 +  ,7,11,16,8,2,24,10,10,12,0
CHE,84,CHE 34 +  ,7,11,16,8,2,24,10,10,12,0
CHE,86,CHE 34 +  ,7,11,16,8,2,24,10,10,12,0
CHE,88,CHE 34 +  ,7,11,16,8,2,24,10,10,12,0
CHE,90,CHE 34 +  ,7,11,16,8,2,24,10,10,12,0
CHE,92,CHE 34 +  ,7,11,16,8,2,24,10,10,12,0
CHE,94,CHE 34 +  ,7,11,16,8,2,24,10,10,12,0
CHE,96,CHE 34 +  ,7,11,16,8,2,24,10,10,12,0
CHE,98,CHE 34 +  ,7,11,16,8,2,24,10,10,12,0
CHE,100,CHE 34 +  ,7,11,16,8,2,24,10,10,12,0
CHE,102,CHE 34 +  ,7,11,16,8,2,24,10,10,12,0
CHE,104,CHE 34 +  ,7,11,16,8,2,24,10,10,12,0
CHE,106,CHE 34 +  ,7,11,16,8,2,24,10,10,12,0
CHE,108,CHE 34 +  ,7,11,16,8,2,24,10,10,12,0
CHE,110,CHE 34 +  ,7,11,16,8,2,24,10,10,12,0
CHE,112,CHE 34 +  ,7,11,16,8,2,24,10,10,12,0
CHE,114,CHE 34 +  ,7,11,16,8,2,24,10,10,12,0
CHE,116,CHE 34 +  ,7,11,16,8,2,24,10,10,12,0
CHE,118,CHE 34 +  ,7,11,16,8,2,24,10,10,12,0
CHE,120,CHE 34 +  ,7,11,16,8,2,24,10,10,12,0
CHE,122,CHE 34 +  ,7,11,16,8,2,24,10,10,12,0
CHE,124,CHE 34 +  ,7,11,16,8,2,24,10,10,12,0
CHE,126,CHE 34 +  ,7,11,16,8,2,24,10,10,12,0
CHE,128,CHE 34 +  ,7,11,16,8,2,24,10,10,12,0
CHE,130,CHE 34 +  ,7,11,16,8,2,24,10,10,12,0
CHE,132,CHE 34 +  ,7,11,16,8,2,24,10,10,12,0
CHE,134,CHE 34 +  ,7,11,16,8,2,24,10,10,12,0
CHE,136,CHE 34 +  ,7,11,16,8,2,24,10,10,12,0
CHE,138,CHE 34 +  ,7,11,16,8,2,24,10,10,12,0
CHE,140,CHE 34 +  ,7,11,16,8,2,24,10,10,12,0
CHE,142,CHE 34 +  ,7,11,16,8,2,24,10,10,12,0
CHE,144,CHE 34 +  ,7,11,16,8,2,24,10,10,12,0
CHE,146,CHE 34 +  ,7,11,16,8,2,24,10,10,12,0
CHE,148,CHE 34 +  ,7,11,16,8,2,24,10,10,12,0
CHE,150,CHE 34 +  ,7,11,16,8,2,24,10,10,12,0
CHE,152,CHE 34 +  ,7,11,16,8,2,24,10,10,12,0
CHE,154,CHE 34 +  ,7,11,16,8,2,24,10,10,12,0
CHE,156,CHE 34 +  ,7,11,16,8,2,24,10,10,12,0
CHE,158,CHE 34 +  ,7,11,16,8,2,24,10,10,12,0
CHE,160,CHE 34 +  ,7,11,16,8,2,24,10,10,12,0
CHG,10,Tous FD 10-22 ,0,0,0,0,0,57,1,42,0,0
CHG,12,Tous FD 10-22 ,0,0,0,0,0,75,1,24,0,0
CHG,14,Tous FD 10-22 ,0,0,0,0,0,79,1,18,2,0
CHG,16,Tous FD 10-22 ,0,0,0,0,0,79,1,15,5,0
CHG,18,Tous FD 10-22 ,0,0,0,0,0,79,1,13,7,0
CHG,20,Tous FD 10-22 ,0,0,0,0,0,79,1,12,8,0
CHG,22,Tous FD 10-22 ,0,0,0,0,0,79,1,12,8,0
CHG,24,CHE 24 - 32  ,0,0.1897832,12.77874,34.03445,6.705673,20.29136,2,12,12,0
CHG,26,CHE 24 - 32  ,0,0.3844765,13.0722,33.06498,6.536101,20.94224,2,12,12,0
CHG,28,CHE 24 - 32  ,0,0.5842731,13.37336,32.0701,6.362085,21.61018,2,12,12,0
CHG,30,CHE 24 - 32  ,0,0.7893761,13.68252,31.0488,6.183446,22.29586,2,12,12,0
CHG,32,CHE 24 - 32  ,0,1,14,30,6,22,3,12,12,0
CHG,34,CHE 34 +  ,0,1.678223,14.23133,28.73117,5.773086,22.5862,3,12,12,0
CHG,36,CHE 34 +  ,0,2.365916,14.46588,27.44462,5.543002,23.18058,3,12,12,0
CHG,38,CHE 34 +  ,0,3.063279,14.70374,26.13998,5.309684,23.78332,3,12,12,0
CHG,40,CHE 34 +  ,6.259497,3.278784,12.99591,21.58036,4.411455,25.47399,3,11,12,0
CHG,42,CHE 34 +  ,6.3,3.9,13.2,20.4,4.2,25,4,11,12,0
CHG,44,CHE 34 +  ,6.34103,4.529307,13.40675,19.20426,3.98579,25.53286,4,11,12,0
CHG,46,CHE 34 +  ,6.382598,5.166865,13.61621,17.99285,3.768772,26.07271,4,11,12,0
CHG,48,CHE 34 +  ,6.424715,5.812838,13.82843,16.76545,3.54889,25.61968,5,11,12,0
CHG,50,CHE 34 +  ,6.467391,6.467391,14.04348,15.52174,3.326087,26.17391,5,11,12,0
CHG,52,CHE 34 +  ,6.541457,7.164453,14.32891,14.32891,3.114979,26.5213,5,11,12,0
CHG,54,CHE 34 +  ,6.617238,7.877665,14.62094,13.10843,2.898981,25.87674,6,11,12,0
CHG,56,CHE 34 +  ,6.694796,8.607594,14.91983,11.85935,2.677918,26.24051,6,11,12,0
CHG,58,CHE 34 +  ,6.774194,9.354838,15.22581,10.58065,2.451613,25.6129,7,11,12,0
CHG,60,CHE 34 +  ,6.956313,10.26884,15.76764,9.407585,2.25252,26.3471,7,10,12,0
CHG,62,CHE 34 +  ,7.040816,11.06414,16.09329,8.046647,2.011662,26.74344,7,10,12,0
CHG,64,CHE 34 +  ,7.030568,11.04803,16.06987,8.034934,2.008734,25.80786,8,10,12,0
CHG,66,CHE 34 +  ,7.030568,11.04803,16.06987,8.034934,2.008734,25.80786,8,10,12,0
CHG,68,CHE 34 +  ,7.010159,11.01597,16.02322,8.011611,2.002903,24.93614,9,10,12,0
CHG,70,CHE 34 +  ,7.010159,11.01597,16.02322,8.011611,2.002903,24.93614,9,10,12,0
CHG,72,CHE 34 +  ,7,11,16,8,2,24,10,10,12,0
CHG,74,CHE 34 +  ,7,11,16,8,2,24,10,10,12,0
CHG,76,CHE 34 +  ,7,11,16,8,2,24,10,10,12,0
CHG,78,CHE 34 +  ,7,11,16,8,2,24,10,10,12,0
CHG,80,CHE 34 +  ,7,11,16,8,2,24,10,10,12,0
CHG,82,CHE 34 +  ,7,11,16,8,2,24,10,10,12,0
CHG,84,CHE 34 +  ,7,11,16,8,2,24,10,10,12,0
CHG,86,CHE 34 +  ,7,11,16,8,2,24,10,10,12,0
CHG,88,CHE 34 +  ,7,11,16,8,2,24,10,10,12,0
CHG,90,CHE 34 +  ,7,11,16,8,2,24,10,10,12,0
CHG,92,CHE 34 +  ,7,11,16,8,2,24,10,10,12,0
CHG,94,CHE 34 +  ,7,11,16,8,2,24,10,10,12,0
CHG,96,CHE 34 +  ,7,11,16,8,2,24,10,10,12,0
CHG,98,CHE 34 +  ,7,11,16,8,2,24,10,10,12,0
CHG,100,CHE 34 +  ,7,11,16,8,2,24,10,10,12,0
CHG,102,CHE 34 +  ,7,11,16,8,2,24,10,10,12,0
CHG,104,CHE 34 +  ,7,11,16,8,2,24,10,10,12,0
CHG,106,CHE 34 +  ,7,11,16,8,2,24,10,10,12,0
CHG,108,CHE 34 +  ,7,11,16,8,2,24,10,10,12,0
CHG,110,CHE 34 +  ,7,11,16,8,2,24,10,10,12,0
CHG,112,CHE 34 +  ,7,11,16,8,2,24,10,10,12,0
CHG,114,CHE 34 +  ,7,11,16,8,2,24,10,10,12,0
CHG,116,CHE 34 +  ,7,11,16,8,2,24,10,10,12,0
CHG,118,CHE 34 +  ,7,11,16,8,2,24,10,10,12,0
CHG,120,CHE 34 +  ,7,11,16,8,2,24,10,10,12,0
CHG,122,CHE 34 +  ,7,11,16,8,2,24,10,10,12,0
CHG,124,CHE 34 +  ,7,11,16,8,2,24,10,10,12,0
CHG,126,CHE 34 +  ,7,11,16,8,2,24,10,10,12,0
CHG,128,CHE 34 +  ,7,11,16,8,2,24,10,10,12,0
CHG,130,CHE 34 +  ,7,11,16,8,2,24,10,10,12,0
CHG,132,CHE 34 +  ,7,11,16,8,2,24,10,10,12,0
CHG,134,CHE 34 +  ,7,11,16,8,2,24,10,10,12,0
CHG,136,CHE 34 +  ,7,11,16,8,2,24,10,10,12,0
CHG,138,CHE 34 +  ,7,11,16,8,2,24,10,10,12,0
CHG,140,CHE 34 +  ,7,11,16,8,2,24,10,10,12,0
CHG,142,CHE 34 +  ,7,11,16,8,2,24,10,10,12,0
CHG,144,CHE 34 +  ,7,11,16,8,2,24,10,10,12,0
CHG,146,CHE 34 +  ,7,11,16,8,2,24,10,10,12,0
CHG,148,CHE 34 +  ,7,11,16,8,2,24,10,10,12,0
CHG,150,CHE 34 +  ,7,11,16,8,2,24,10,10,12,0
CHG,152,CHE 34 +  ,7,11,16,8,2,24,10,10,12,0
CHG,154,CHE 34 +  ,7,11,16,8,2,24,10,10,12,0
CHG,156,CHE 34 +  ,7,11,16,8,2,24,10,10,12,0
CHG,158,CHE 34 +  ,7,11,16,8,2,24,10,10,12,0
CHG,160,CHE 34 +  ,7,11,16,8,2,24,10,10,12,0
CHR,10,Tous FD 10-22 ,0,0,0,0,0,57,1,42,0,0
CHR,12,Tous FD 10-22 ,0,0,0,0,0,75,1,24,0,0
CHR,14,Tous FD 10-22 ,0,0,0,0,0,79,1,18,2,0
CHR,16,Tous FD 10-22 ,0,0,0,0,0,79,1,15,5,0
CHR,18,Tous FD 10-22 ,0,0,0,0,0,79,1,13,7,0
CHR,20,Tous FD 10-22 ,0,0,0,0,0,79,1,12,8,0
CHR,22,Tous FD 10-22 ,0,0,0,0,0,79,1,12,8,0
CHR,24,CHE 24 - 32  ,0,0.1897832,12.77874,34.03445,6.705673,20.29136,2,12,12,0
CHR,26,CHE 24 - 32  ,0,0.3844765,13.0722,33.06498,6.536101,20.94224,2,12,12,0
CHR,28,CHE 24 - 32  ,0,0.5842731,13.37336,32.0701,6.362085,21.61018,2,12,12,0
CHR,30,CHE 24 - 32  ,0,0.7893761,13.68252,31.0488,6.183446,22.29586,2,12,12,0
CHR,32,CHE 24 - 32  ,0,1,14,30,6,22,3,12,12,0
CHR,34,CHE 34 +  ,0,1.678223,14.23133,28.73117,5.773086,22.5862,3,12,12,0
CHR,36,CHE 34 +  ,0,2.365916,14.46588,27.44462,5.543002,23.18058,3,12,12,0
CHR,38,CHE 34 +  ,0,3.063279,14.70374,26.13998,5.309684,23.78332,3,12,12,0
CHR,40,CHE 34 +  ,6.259497,3.278784,12.99591,21.58036,4.411455,25.47399,3,11,12,0
CHR,42,CHE 34 +  ,6.3,3.9,13.2,20.4,4.2,25,4,11,12,0
CHR,44,CHE 34 +  ,6.34103,4.529307,13.40675,19.20426,3.98579,25.53286,4,11,12,0
CHR,46,CHE 34 +  ,6.382598,5.166865,13.61621,17.99285,3.768772,26.07271,4,11,12,0
CHR,48,CHE 34 +  ,6.424715,5.812838,13.82843,16.76545,3.54889,25.61968,5,11,12,0
CHR,50,CHE 34 +  ,6.467391,6.467391,14.04348,15.52174,3.326087,26.17391,5,11,12,0
CHR,52,CHE 34 +  ,6.541457,7.164453,14.32891,14.32891,3.114979,26.5213,5,11,12,0
CHR,54,CHE 34 +  ,6.617238,7.877665,14.62094,13.10843,2.898981,25.87674,6,11,12,0
CHR,56,CHE 34 +  ,6.694796,8.607594,14.91983,11.85935,2.677918,26.24051,6,11,12,0
CHR,58,CHE 34 +  ,6.774194,9.354838,15.22581,10.58065,2.451613,25.6129,7,11,12,0
CHR,60,CHE 34 +  ,6.956313,10.26884,15.76764,9.407585,2.25252,26.3471,7,10,12,0
CHR,62,CHE 34 +  ,7.040816,11.06414,16.09329,8.046647,2.011662,26.74344,7,10,12,0
CHR,64,CHE 34 +  ,7.030568,11.04803,16.06987,8.034934,2.008734,25.80786,8,10,12,0
CHR,66,CHE 34 +  ,7.030568,11.04803,16.06987,8.034934,2.008734,25.80786,8,10,12,0
CHR,68,CHE 34 +  ,7.010159,11.01597,16.02322,8.011611,2.002903,24.93614,9,10,12,0
CHR,70,CHE 34 +  ,7.010159,11.01597,16.02322,8.011611,2.002903,24.93614,9,10,12,0
CHR,72,CHE 34 +  ,7,11,16,8,2,24,10,10,12,0
CHR,74,CHE 34 +  ,7,11,16,8,2,24,10,10,12,0
CHR,76,CHE 34 +  ,7,11,16,8,2,24,10,10,12,0
CHR,78,CHE 34 +  ,7,11,16,8,2,24,10,10,12,0
CHR,80,CHE 34 +  ,7,11,16,8,2,24,10,10,12,0
CHR,82,CHE 34 +  ,7,11,16,8,2,24,10,10,12,0
CHR,84,CHE 34 +  ,7,11,16,8,2,24,10,10,12,0
CHR,86,CHE 34 +  ,7,11,16,8,2,24,10,10,12,0
CHR,88,CHE 34 +  ,7,11,16,8,2,24,10,10,12,0
CHR,90,CHE 34 +  ,7,11,16,8,2,24,10,10,12,0
CHR,92,CHE 34 +  ,7,11,16,8,2,24,10,10,12,0
CHR,94,CHE 34 +  ,7,11,16,8,2,24,10,10,12,0
CHR,96,CHE 34 +  ,7,11,16,8,2,24,10,10,12,0
CHR,98,CHE 34 +  ,7,11,16,8,2,24,10,10,12,0
CHR,100,CHE 34 +  ,7,11,16,8,2,24,10,10,12,0
CHR,102,CHE 34 +  ,7,11,16,8,2,24,10,10,12,0
CHR,104,CHE 34 +  ,7,11,16,8,2,24,10,10,12,0
CHR,106,CHE 34 +  ,7,11,16,8,2,24,10,10,12,0
CHR,108,CHE 34 +  ,7,11,16,8,2,24,10,10,12,0
CHR,110,CHE 34 +  ,7,11,16,8,2,24,10,10,12,0
CHR,112,CHE 34 +  ,7,11,16,8,2,24,10,10,12,0
CHR,114,CHE 34 +  ,7,11,16,8,2,24,10,10,12,0
CHR,116,CHE 34 +  ,7,11,16,8,2,24,10,10,12,0
CHR,118,CHE 34 +  ,7,11,16,8,2,24,10,10,12,0
CHR,120,CHE 34 +  ,7,11,16,8,2,24,10,10,12,0
CHR,122,CHE 34 +  ,7,11,16,8,2,24,10,10,12,0
CHR,124,CHE 34 +  ,7,11,16,8,2,24,10,10,12,0
CHR,126,CHE 34 +  ,7,11,16,8,2,24,10,10,12,0
CHR,128,CHE 34 +  ,7,11,16,8,2,24,10,10,12,0
CHR,130,CHE 34 +  ,7,11,16,8,2,24,10,10,12,0
CHR,132,CHE 34 +  ,7,11,16,8,2,24,10,10,12,0
CHR,134,CHE 34 +  ,7,11,16,8,2,24,10,10,12,0
CHR,136,CHE 34 +  ,7,11,16,8,2,24,10,10,12,0
CHR,138,CHE 34 +  ,7,11,16,8,2,24,10,10,12,0
CHR,140,CHE 34 +  ,7,11,16,8,2,24,10,10,12,0
CHR,142,CHE 34 +  ,7,11,16,8,2,24,10,10,12,0
CHR,144,CHE 34 +  ,7,11,16,8,2,24,10,10,12,0
CHR,146,CHE 34 +  ,7,11,16,8,2,24,10,10,12,0
CHR,148,CHE 34 +  ,7,11,16,8,2,24,10,10,12,0
CHR,150,CHE 34 +  ,7,11,16,8,2,24,10,10,12,0
CHR,152,CHE 34 +  ,7,11,16,8,2,24,10,10,12,0
CHR,154,CHE 34 +  ,7,11,16,8,2,24,10,10,12,0
CHR,156,CHE 34 +  ,7,11,16,8,2,24,10,10,12,0
CHR,158,CHE 34 +  ,7,11,16,8,2,24,10,10,12,0
CHR,160,CHE 34 +  ,7,11,16,8,2,24,10,10,12,0
EPB,10,SEPM  ,0,0,0,0,0,69,4,27,0,0
EPB,12,SEPM  ,0,0,0,0,0,83,4,13,0,0
EPB,14,SEPM  ,0,0,0,3,0,86,4,7,0,0
EPB,16,SEPM  ,0,0,0,38,0,54,4,4,0,0
EPB,18,SEPM  ,0,0,0,57,0,36,4,3,0,0
EPB,20,SEPM  ,0,0,0,68,0,25,4,3,0,0
EPB,22,SEPM  ,0,0,0,76,0,18,4,2,0,0
EPB,24,SEPM  ,0,0,0,81,0,13,4,2,0,0
EPB,26,SEPM  ,0,0,0,85,0,9,4,2,0,0
EPB,28,SEPM  ,0,0,0,86,0,8,4,2,0,0
EPB,30,SEPM  ,0,0,0,88,0,6,4,2,0,0
EPB,32,SEPM  ,0,0,0,90,0,4,4,2,0,0
EPB,34,SEPM  ,0,0,0,92,0,3,4,1,0,0
EPB,36,SEPM  ,0,0,0,93,0,2,4,1,0,0
EPB,38,SEPM  ,0,0,0,94,0,1,4,1,0,0
EPB,40,SEPM  ,0,0,0,94,0,1,4,1,0,0
EPB,42,SEPM  ,0,0,0,95,0,0,4,1,0,0
EPB,44,SEPM  ,0,0,0,95,0,0,4,1,0,0
EPB,46,SEPM  ,0,0,0,95,0,0,4,1,0,0
EPB,48,SEPM  ,0,0,0,95,0,0,4,1,0,0
EPB,50,SEPM  ,0,0,0,95,0,0,4,1,0,0
EPB,52,SEPM  ,0,0,0,95,0,0,4,1,0,0
EPB,54,SEPM  ,0,0,0,95,0,0,4,1,0,0
EPB,56,SEPM  ,0,0,0,95,0,0,4,1,0,0
EPB,58,SEPM  ,0,0,0,95,0,0,4,1,0,0
EPB,60,SEPM  ,0,0,0,95,0,0,4,1,0,0
EPB,62,SEPM  ,0,0,0,95,0,0,4,1,0,0
EPB,64,SEPM  ,0,0,0,95,0,0,4,1,0,0
EPB,66,SEPM  ,0,0,0,95,0,0,4,1,0,0
EPB,68,SEPM  ,0,0,0,95,0,0,4,1,0,0
EPB,70,SEPM  ,0,0,0,95,0,0,4,1,0,0
EPB,72,SEPM  ,0,0,0,95,0,0,4,1,0,0
EPB,74,SEPM  ,0,0,0,95,0,0,4,1,0,0
EPB,76,SEPM  ,0,0,0,95,0,0,4,1,0,0
EPB,78,SEPM  ,0,0,0,95,0,0,4,1,0,0
EPB,80,SEPM  ,0,0,0,95,0,0,4,1,0,0
EPB,82,SEPM  ,0,0,0,95,0,0,4,1,0,0
EPB,84,SEPM  ,0,0,0,95,0,0,4,1,0,0
EPB,86,SEPM  ,0,0,0,95,0,0,4,1,0,0
EPB,88,SEPM  ,0,0,0,95,0,0,4,1,0,0
EPB,90,SEPM  ,0,0,0,95,0,0,4,1,0,0
EPB,92,SEPM  ,0,0,0,95,0,0,4,1,0,0
EPB,94,SEPM  ,0,0,0,95,0,0,4,1,0,0
EPB,96,SEPM  ,0,0,0,95,0,0,4,1,0,0
EPB,98,SEPM  ,0,0,0,95,0,0,4,1,0,0
EPB,100,SEPM  ,0,0,0,95,0,0,4,1,0,0
EPB,102,SEPM  ,0,0,0,95,0,0,4,1,0,0
EPB,104,SEPM  ,0,0,0,95,0,0,4,1,0,0
EPB,106,SEPM  ,0,0,0,95,0,0,4,1,0,0
EPB,108,SEPM  ,0,0,0,95,0,0,4,1,0,0
EPB,110,SEPM  ,0,0,0,95,0,0,4,1,0,0
EPB,112,SEPM  ,0,0,0,95,0,0,4,1,0,0
EPB,114,SEPM  ,0,0,0,95,0,0,4,1,0,0
EPB,116,SEPM  ,0,0,0,95,0,0,4,1,0,0
EPB,118,SEPM  ,0,0,0,95,0,0,4,1,0,0
EPB,120,SEPM  ,0,0,0,95,0,0,4,1,0,0
EPB,122,SEPM  ,0,0,0,95,0,0,4,1,0,0
EPB,124,SEPM  ,0,0,0,95,0,0,4,1,0,0
EPB,126,SEPM  ,0,0,0,95,0,0,4,1,0,0
EPB,128,SEPM  ,0,0,0,95,0,0,4,1,0,0
EPB,130,SEPM  ,0,0,0,95,0,0,4,1,0,0
EPB,132,SEPM  ,0,0,0,95,0,0,4,1,0,0
EPB,134,SEPM  ,0,0,0,95,0,0,4,1,0,0
EPB,136,SEPM  ,0,0,0,95,0,0,4,1,0,0
EPB,138,SEPM  ,0,0,0,95,0,0,4,1,0,0
EPB,140,SEPM  ,0,0,0,95,0,0,4,1,0,0
EPB,142,SEPM  ,0,0,0,95,0,0,4,1,0,0
EPB,144,SEPM  ,0,0,0,95,0,0,4,1,0,0
EPB,146,SEPM  ,0,0,0,95,0,0,4,1,0,0
EPB,148,SEPM  ,0,0,0,95,0,0,4,1,0,0
EPB,150,SEPM  ,0,0,0,95,0,0,4,1,0,0
EPB,152,SEPM  ,0,0,0,95,0,0,4,1,0,0
EPB,154,SEPM  ,0,0,0,95,0,0,4,1,0,0
EPB,156,SEPM  ,0,0,0,95,0,0,4,1,0,0
EPB,158,SEPM  ,0,0,0,95,0,0,4,1,0,0
EPB,160,SEPM  ,0,0,0,95,0,0,4,1,0,0
EPN,10,SEPM  ,0,0,0,0,0,67,2,31,0,0
EPN,12,SEPM  ,0,0,0,0,0,85,2,13,0,0
EPN,14,SEPM  ,0,0,0,3,0,88,2,7,0,0
EPN,16,SEPM  ,0,0,0,38,0,55,2,5,0,0
EPN,18,SEPM  ,0,0,0,58,0,37,2,3,0,0
EPN,20,SEPM  ,0,0,0,69,0,26,2,3,0,0
EPN,22,SEPM  ,0,0,0,78,0,18,2,2,0,0
EPN,24,SEPM  ,0,0,0,83,0,13,2,2,0,0
EPN,26,SEPM  ,0,0,0,86,0,10,2,2,0,0
EPN,28,SEPM  ,0,0,0,88,0,8,2,2,0,0
EPN,30,SEPM  ,0,0,0,90,0,6,2,2,0,0
EPN,32,SEPM  ,0,0,0,92,0,4,2,2,0,0
EPN,34,SEPM  ,0,0,0,94,0,3,2,1,0,0
EPN,36,SEPM  ,0,0,0,95,0,2,2,1,0,0
EPN,38,SEPM  ,0,0,0,96,0,1,2,1,0,0
EPN,40,SEPM  ,0,0,0,96,0,1,2,1,0,0
EPN,42,SEPM  ,0,0,0,97,0,0,2,1,0,0
EPN,44,SEPM  ,0,0,0,97,0,0,2,1,0,0
EPN,46,SEPM  ,0,0,0,97,0,0,2,1,0,0
EPN,48,SEPM  ,0,0,0,97,0,0,2,1,0,0
EPN,50,SEPM  ,0,0,0,97,0,0,2,1,0,0
EPN,52,SEPM  ,0,0,0,97,0,0,2,1,0,0
EPN,54,SEPM  ,0,0,0,97,0,0,2,1,0,0
EPN,56,SEPM  ,0,0,0,97,0,0,2,1,0,0
EPN,58,SEPM  ,0,0,0,97,0,0,2,1,0,0
EPN,60,SEPM  ,0,0,0,97,0,0,2,1,0,0
EPN,62,SEPM  ,0,0,0,97,0,0,2,1,0,0
EPN,64,SEPM  ,0,0,0,97,0,0,2,1,0,0
EPN,66,SEPM  ,0,0,0,97,0,0,2,1,0,0
EPN,68,SEPM  ,0,0,0,97,0,0,2,1,0,0
EPN,70,SEPM  ,0,0,0,97,0,0,2,1,0,0
EPN,72,SEPM  ,0,0,0,97,0,0,2,1,0,0
EPN,74,SEPM  ,0,0,0,97,0,0,2,1,0,0
EPN,76,SEPM  ,0,0,0,97,0,0,2,1,0,0
EPN,78,SEPM  ,0,0,0,97,0,0,2,1,0,0
EPN,80,SEPM  ,0,0,0,97,0,0,2,1,0,0
EPN,82,SEPM  ,0,0,0,97,0,0,2,1,0,0
EPN,84,SEPM  ,0,0,0,97,0,0,2,1,0,0
EPN,86,SEPM  ,0,0,0,97,0,0,2,1,0,0
EPN,88,SEPM  ,0,0,0,97,0,0,2,1,0,0
EPN,90,SEPM  ,0,0,0,97,0,0,2,1,0,0
EPN,92,SEPM  ,0,0,0,97,0,0,2,1,0,0
EPN,94,SEPM  ,0,0,0,97,0,0,2,1,0,0
EPN,96,SEPM  ,0,0,0,97,0,0,2,1,0,0
EPN,98,SEPM  ,0,0,0,97,0,0,2,1,0,0
EPN,100,SEPM  ,0,0,0,97,0,0,2,1,0,0
EPN,102,SEPM  ,0,0,0,97,0,0,2,1,0,0
EPN,104,SEPM  ,0,0,0,97,0,0,2,1,0,0
EPN,106,SEPM  ,0,0,0,97,0,0,2,1,0,0
EPN,108,SEPM  ,0,0,0,97,0,0,2,1,0,0
EPN,110,SEPM  ,0,0,0,97,0,0,2,1,0,0
EPN,112,SEPM  ,0,0,0,97,0,0,2,1,0,0
EPN,114,SEPM  ,0,0,0,97,0,0,2,1,0,0
EPN,116,SEPM  ,0,0,0,97,0,0,2,1,0,0
EPN,118,SEPM  ,0,0,0,97,0,0,2,1,0,0
EPN,120,SEPM  ,0,0,0,97,0,0,2,1,0,0
EPN,122,SEPM  ,0,0,0,97,0,0,2,1,0,0
EPN,124,SEPM  ,0,0,0,97,0,0,2,1,0,0
EPN,126,SEPM  ,0,0,0,97,0,0,2,1,0,0
EPN,128,SEPM  ,0,0,0,97,0,0,2,1,0,0
EPN,130,SEPM  ,0,0,0,97,0,0,2,1,0,0
EPN,132,SEPM  ,0,0,0,97,0,0,2,1,0,0
EPN,134,SEPM  ,0,0,0,97,0,0,2,1,0,0
EPN,136,SEPM  ,0,0,0,97,0,0,2,1,0,0
EPN,138,SEPM  ,0,0,0,97,0,0,2,1,0,0
EPN,140,SEPM  ,0,0,0,97,0,0,2,1,0,0
EPN,142,SEPM  ,0,0,0,97,0,0,2,1,0,0
EPN,144,SEPM  ,0,0,0,97,0,0,2,1,0,0
EPN,146,SEPM  ,0,0,0,97,0,0,2,1,0,0
EPN,148,SEPM  ,0,0,0,97,0,0,2,1,0,0
EPN,150,SEPM  ,0,0,0,97,0,0,2,1,0,0
EPN,152,SEPM  ,0,0,0,97,0,0,2,1,0,0
EPN,154,SEPM  ,0,0,0,97,0,0,2,1,0,0
EPN,156,SEPM  ,0,0,0,97,0,0,2,1,0,0
EPN,158,SEPM  ,0,0,0,97,0,0,2,1,0,0
EPN,160,SEPM  ,0,0,0,97,0,0,2,1,0,0
EPO,10,SEPM  ,0,0,0,0,0,69,4,27,0,0
EPO,12,SEPM  ,0,0,0,0,0,83,4,13,0,0
EPO,14,SEPM  ,0,0,0,3,0,86,4,7,0,0
EPO,16,SEPM  ,0,0,0,38,0,54,4,4,0,0
EPO,18,SEPM  ,0,0,0,57,0,36,4,3,0,0
EPO,20,SEPM  ,0,0,0,68,0,25,4,3,0,0
EPO,22,SEPM  ,0,0,0,76,0,18,4,2,0,0
EPO,24,SEPM  ,0,0,0,81,0,13,4,2,0,0
EPO,26,SEPM  ,0,0,0,85,0,9,4,2,0,0
EPO,28,SEPM  ,0,0,0,86,0,8,4,2,0,0
EPO,30,SEPM  ,0,0,0,88,0,6,4,2,0,0
EPO,32,SEPM  ,0,0,0,90,0,4,4,2,0,0
EPO,34,SEPM  ,0,0,0,92,0,3,4,1,0,0
EPO,36,SEPM  ,0,0,0,93,0,2,4,1,0,0
EPO,38,SEPM  ,0,0,0,94,0,1,4,1,0,0
EPO,40,SEPM  ,0,0,0,94,0,1,4,1,0,0
EPO,42,SEPM  ,0,0,0,95,0,0,4,1,0,0
EPO,44,SEPM  ,0,0,0,95,0,0,4,1,0,0
EPO,46,SEPM  ,0,0,0,95,0,0,4,1,0,0
EPO,48,SEPM  ,0,0,0,95,0,0,4,1,0,0
EPO,50,SEPM  ,0,0,0,95,0,0,4,1,0,0
EPO,52,SEPM  ,0,0,0,95,0,0,4,1,0,0
EPO,54,SEPM  ,0,0,0,95,0,0,4,1,0,0
EPO,56,SEPM  ,0,0,0,95,0,0,4,1,0,0
EPO,58,SEPM  ,0,0,0,95,0,0,4,1,0,0
EPO,60,SEPM  ,0,0,0,95,0,0,4,1,0,0
EPO,62,SEPM  ,0,0,0,95,0,0,4,1,0,0
EPO,64,SEPM  ,0,0,0,95,0,0,4,1,0,0
EPO,66,SEPM  ,0,0,0,95,0,0,4,1,0,0
EPO,68,SEPM  ,0,0,0,95,0,0,4,1,0,0
EPO,70,SEPM  ,0,0,0,95,0,0,4,1,0,0
EPO,72,SEPM  ,0,0,0,95,0,0,4,1,0,0
EPO,74,SEPM  ,0,0,0,95,0,0,4,1,0,0
EPO,76,SEPM  ,0,0,0,95,0,0,4,1,0,0
EPO,78,SEPM  ,0,0,0,95,0,0,4,1,0,0
EPO,80,SEPM  ,0,0,0,95,0,0,4,1,0,0
EPO,82,SEPM  ,0,0,0,95,0,0,4,1,0,0
EPO,84,SEPM  ,0,0,0,95,0,0,4,1,0,0
EPO,86,SEPM  ,0,0,0,95,0,0,4,1,0,0
EPO,88,SEPM  ,0,0,0,95,0,0,4,1,0,0
EPO,90,SEPM  ,0,0,0,95,0,0,4,1,0,0
EPO,92,SEPM  ,0,0,0,95,0,0,4,1,0,0
EPO,94,SEPM  ,0,0,0,95,0,0,4,1,0,0
EPO,96,SEPM  ,0,0,0,95,0,0,4,1,0,0
EPO,98,SEPM  ,0,0,0,95,0,0,4,1,0,0
EPO,100,SEPM  ,0,0,0,95,0,0,4,1,0,0
EPO,102,SEPM  ,0,0,0,95,0,0,4,1,0,0
EPO,104,SEPM  ,0,0,0,95,0,0,4,1,0,0
EPO,106,SEPM  ,0,0,0,95,0,0,4,1,0,0
EPO,108,SEPM  ,0,0,0,95,0,0,4,1,0,0
EPO,110,SEPM  ,0,0,0,95,0,0,4,1,0,0
EPO,112,SEPM  ,0,0,0,95,0,0,4,1,0,0
EPO,114,SEPM  ,0,0,0,95,0,0,4,1,0,0
EPO,116,SEPM  ,0,0,0,95,0,0,4,1,0,0
EPO,118,SEPM  ,0,0,0,95,0,0,4,1,0,0
EPO,120,SEPM  ,0,0,0,95,0,0,4,1,0,0
EPO,122,SEPM  ,0,0,0,95,0,0,4,1,0,0
EPO,124,SEPM  ,0,0,0,95,0,0,4,1,0,0
EPO,126,SEPM  ,0,0,0,95,0,0,4,1,0,0
EPO,128,SEPM  ,0,0,0,95,0,0,4,1,0,0
EPO,130,SEPM  ,0,0,0,95,0,0,4,1,0,0
EPO,132,SEPM  ,0,0,0,95,0,0,4,1,0,0
EPO,134,SEPM  ,0,0,0,95,0,0,4,1,0,0
EPO,136,SEPM  ,0,0,0,95,0,0,4,1,0,0
EPO,138,SEPM  ,0,0,0,95,0,0,4,1,0,0
EPO,140,SEPM  ,0,0,0,95,0,0,4,1,0,0
EPO,142,SEPM  ,0,0,0,95,0,0,4,1,0,0
EPO,144,SEPM  ,0,0,0,95,0,0,4,1,0,0
EPO,146,SEPM  ,0,0,0,95,0,0,4,1,0,0
EPO,148,SEPM  ,0,0,0,95,0,0,4,1,0,0
EPO,150,SEPM  ,0,0,0,95,0,0,4,1,0,0
EPO,152,SEPM  ,0,0,0,95,0,0,4,1,0,0
EPO,154,SEPM  ,0,0,0,95,0,0,4,1,0,0
EPO,156,SEPM  ,0,0,0,95,0,0,4,1,0,0
EPO,158,SEPM  ,0,0,0,95,0,0,4,1,0,0
EPO,160,SEPM  ,0,0,0,95,0,0,4,1,0,0
EPR,10,SEPM  ,0,0,0,0,0,67,2,31,0,0
EPR,12,SEPM  ,0,0,0,0,0,85,2,13,0,0
EPR,14,SEPM  ,0,0,0,3,0,88,2,7,0,0
EPR,16,SEPM  ,0,0,0,38,0,55,2,5,0,0
EPR,18,SEPM  ,0,0,0,58,0,37,2,3,0,0
EPR,20,SEPM  ,0,0,0,69,0,26,2,3,0,0
EPR,22,SEPM  ,0,0,0,78,0,18,2,2,0,0
EPR,24,SEPM  ,0,0,0,83,0,13,2,2,0,0
EPR,26,SEPM  ,0,0,0,86,0,10,2,2,0,0
EPR,28,SEPM  ,0,0,0,88,0,8,2,2,0,0
EPR,30,SEPM  ,0,0,0,90,0,6,2,2,0,0
EPR,32,SEPM  ,0,0,0,92,0,4,2,2,0,0
EPR,34,SEPM  ,0,0,0,94,0,3,2,1,0,0
EPR,36,SEPM  ,0,0,0,95,0,2,2,1,0,0
EPR,38,SEPM  ,0,0,0,96,0,1,2,1,0,0
EPR,40,SEPM  ,0,0,0,96,0,1,2,1,0,0
EPR,42,SEPM  ,0,0,0,97,0,0,2,1,0,0
EPR,44,SEPM  ,0,0,0,97,0,0,2,1,0,0
EPR,46,SEPM  ,0,0,0,97,0,0,2,1,0,0
EPR,48,SEPM  ,0,0,0,97,0,0,2,1,0,0
EPR,50,SEPM  ,0,0,0,97,0,0,2,1,0,0
EPR,52,SEPM  ,0,0,0,97,0,0,2,1,0,0
EPR,54,SEPM  ,0,0,0,97,0,0,2,1,0,0
EPR,56,SEPM  ,0,0,0,97,0,0,2,1,0,0
EPR,58,SEPM  ,0,0,0,97,0,0,2,1,0,0
EPR,60,SEPM  ,0,0,0,97,0,0,2,1,0,0
EPR,62,SEPM  ,0,0,0,97,0,0,2,1,0,0
EPR,64,SEPM  ,0,0,0,97,0,0,2,1,0,0
EPR,66,SEPM  ,0,0,0,97,0,0,2,1,0,0
EPR,68,SEPM  ,0,0,0,97,0,0,2,1,0,0
EPR,70,SEPM  ,0,0,0,97,0,0,2,1,0,0
EPR,72,SEPM  ,0,0,0,97,0,0,2,1,0,0
EPR,74,SEPM  ,0,0,0,97,0,0,2,1,0,0
EPR,76,SEPM  ,0,0,0,97,0,0,2,1,0,0
EPR,78,SEPM  ,0,0,0,97,0,0,2,1,0,0
EPR,80,SEPM  ,0,0,0,97,0,0,2,1,0,0
EPR,82,SEPM  ,0,0,0,97,0,0,2,1,0,0
EPR,84,SEPM  ,0,0,0,97,0,0,2,1,0,0
EPR,86,SEPM  ,0,0,0,97,0,0,2,1,0,0
EPR,88,SEPM  ,0,0,0,97,0,0,2,1,0,0
EPR,90,SEPM  ,0,0,0,97,0,0,2,1,0,0
EPR,92,SEPM  ,0,0,0,97,0,0,2,1,0,0
EPR,94,SEPM  ,0,0,0,97,0,0,2,1,0,0
EPR,96,SEPM  ,0,0,0,97,0,0,2,1,0,0
EPR,98,SEPM  ,0,0,0,97,0,0,2,1,0,0
EPR,100,SEPM  ,0,0,0,97,0,0,2,1,0,0
EPR,102,SEPM  ,0,0,0,97,0,0,2,1,0,0
EPR,104,SEPM  ,0,0,0,97,0,0,2,1,0,0
EPR,106,SEPM  ,0,0,0,97,0,0,2,1,0,0
EPR,108,SEPM  ,0,0,0,97,0,0,2,1,0,0
EPR,110,SEPM  ,0,0,0,97,0,0,2,1,0,0
EPR,112,SEPM  ,0,0,0,97,0,0,2,1,0,0
EPR,114,SEPM  ,0,0,0,97,0,0,2,1,0,0
EPR,116,SEPM  ,0,0,0,97,0,0,2,1,0,0
EPR,118,SEPM  ,0,0,0,97,0,0,2,1,0,0
EPR,120,SEPM  ,0,0,0,97,0,0,2,1,0,0
EPR,122,SEPM  ,0,0,0,97,0,0,2,1,0,0
EPR,124,SEPM  ,0,0,0,97,0,0,2,1,0,0
EPR,126,SEPM  ,0,0,0,97,0,0,2,1,0,0
EPR,128,SEPM  ,0,0,0,97,0,0,2,1,0,0
EPR,130,SEPM  ,0,0,0,97,0,0,2,1,0,0
EPR,132,SEPM  ,0,0,0,97,0,0,2,1,0,0
EPR,134,SEPM  ,0,0,0,97,0,0,2,1,0,0
EPR,136,SEPM  ,0,0,0,97,0,0,2,1,0,0
EPR,138,SEPM  ,0,0,0,97,0,0,2,1,0,0
EPR,140,SEPM  ,0,0,0,97,0,0,2,1,0,0
EPR,142,SEPM  ,0,0,0,97,0,0,2,1,0,0
EPR,144,SEPM  ,0,0,0,97,0,0,2,1,0,0
EPR,146,SEPM  ,0,0,0,97,0,0,2,1,0,0
EPR,148,SEPM  ,0,0,0,97,0,0,2,1,0,0
EPR,150,SEPM  ,0,0,0,97,0,0,2,1,0,0
EPR,152,SEPM  ,0,0,0,97,0,0,2,1,0,0
EPR,154,SEPM  ,0,0,0,97,0,0,2,1,0,0
EPR,156,SEPM  ,0,0,0,97,0,0,2,1,0,0
EPR,158,SEPM  ,0,0,0,97,0,0,2,1,0,0
EPR,160,SEPM  ,0,0,0,97,0,0,2,1,0,0
ERA,10,Tous FD 10-22 ,0,0,0,0,0,69,2,29,0,0
ERA,12,Tous FD 10-22 ,0,0,0,0,0,81,2,16,1,0
ERA,14,Tous FD 10-22 ,0,0,0,0,0,81,2,12,5,0
ERA,16,Tous FD 10-22 ,0,0,0,0,0,81,2,10,7,0
ERA,18,Tous FD 10-22 ,0,0,0,0,0,81,2,10,7,0
ERA,20,Tous FD 10-22 ,0,0,0,0,0,81,2,8,9,0
ERA,22,Tous FD 10-22 ,0,0,0,0,0,81,2,8,9,0
ERA,24,AUF 24 +  ,0,0,0,33.60846,1.951138,35.4404,8,8,13,0
ERA,26,AUF 24 +  ,0,0,5.606749,23.71959,1.755526,39.91814,8,8,13,0
ERA,28,AUF 24 +  ,0,0,5.022227,21.24674,1.621852,43.10918,8,8,13,0
ERA,30,AUF 24 +  ,0,0,4.590239,19.4192,1.529254,45.46131,8,8,13,0
ERA,32,AUF 24 +  ,0,0,4.25892,18.01754,1.464151,47.25939,8,8,13,0
ERA,34,AUF 24 +  ,0,0,3.994177,16.89754,1.417328,50.69096,8,7,12,0
ERA,36,AUF 24 +  ,0,1.002807,3.784017,15.00564,1.386336,51.8212,8,7,12,0
ERA,38,AUF 24 +  ,0,0.9577775,3.614103,14.33184,1.367432,52.72885,8,7,12,0
ERA,40,AUF 24 +  ,0,0.9217829,3.47828,13.79323,1.359498,53.44721,8,7,12,0
ERA,42,AUF 24 +  ,0,0.8967005,3.383633,13.4179,1.366552,53.93521,8,7,12,0
ERA,44,AUF 24 +  ,0,0.8766659,3.308034,13.11811,1.380903,54.31628,8,7,12,0
ERA,46,AUF 24 +  ,0,0.8584953,3.239469,12.84621,1.398104,54.65772,8,7,12,0
ERA,48,AUF 24 +  ,0,0.8413125,3.17463,12.5891,1.41695,54.97801,8,7,12,0
ERA,50,AUF 24 +  ,0,0.823993,3.109277,12.32993,1.435624,56.30117,8,6,12,0
ERA,52,AUF 24 +  ,0,0.7550495,2.849123,11.29829,1.315505,57.78204,8,6,12,0
ERA,54,AUF 24 +  ,0,0.6931289,2.615471,10.37173,1.207622,59.11205,8,6,12,0
ERA,56,AUF 24 +  ,0,0.6931289,2.615471,10.37173,1.207622,59.11205,8,6,12,0
ERA,58,AUF 24 +  ,0,0.6931289,2.615471,10.37173,1.207622,59.11205,8,6,12,0
ERA,60,AUF 24 +  ,0,0.6931289,2.615471,10.37173,1.207622,59.11205,8,6,12,0
ERA,62,AUF 24 +  ,0,0.6931289,2.615471,10.37173,1.207622,59.11205,8,6,12,0
ERA,64,AUF 24 +  ,0,0.6931289,2.615471,10.37173,1.207622,59.11205,8,6,12,0
ERA,66,AUF 24 +  ,0,0.6931289,2.615471,10.37173,1.207622,59.11205,8,6,12,0
ERA,68,AUF 24 +  ,0,0.6931289,2.615471,10.37173,1.207622,59.11205,8,6,12,0
ERA,70,AUF 24 +  ,0,0.6931289,2.615471,10.37173,1.207622,59.11205,8,6,12,0
ERA,72,AUF 24 +  ,0,0.6931289,2.615471,10.37173,1.207622,59.11205,8,6,12,0
ERA,74,AUF 24 +  ,0,0.6931289,2.615471,10.37173,1.207622,59.11205,8,6,12,0
ERA,76,AUF 24 +  ,0,0.6931289,2.615471,10.37173,1.207622,59.11205,8,6,12,0
ERA,78,AUF 24 +  ,0,0.6931289,2.615471,10.37173,1.207622,59.11205,8,6,12,0
ERA,80,AUF 24 +  ,0,0.6931289,2.615471,10.37173,1.207622,59.11205,8,6,12,0
ERA,82,AUF 24 +  ,0,0.6931289,2.615471,10.37173,1.207622,59.11205,8,6,12,0
ERA,84,AUF 24 +  ,0,0.6931289,2.615471,10.37173,1.207622,59.11205,8,6,12,0
ERA,86,AUF 24 +  ,0,0.6931289,2.615471,10.37173,1.207622,59.11205,8,6,12,0
ERA,88,AUF 24 +  ,0,0.6931289,2.615471,10.37173,1.207622,59.11205,8,6,12,0
ERA,90,AUF 24 +  ,0,0.6931289,2.615471,10.37173,1.207622,59.11205,8,6,12,0
ERA,92,AUF 24 +  ,0,0.6931289,2.615471,10.37173,1.207622,59.11205,8,6,12,0
ERA,94,AUF 24 +  ,0,0.6931289,2.615471,10.37173,1.207622,59.11205,8,6,12,0
ERA,96,AUF 24 +  ,0,0.6931289,2.615471,10.37173,1.207622,59.11205,8,6,12,0
ERA,98,AUF 24 +  ,0,0.6931289,2.615471,10.37173,1.207622,59.11205,8,6,12,0
ERA,100,AUF 24 +  ,0,0.6931289,2.615471,10.37173,1.207622,59.11205,8,6,12,0
ERA,102,AUF 24 +  ,0,0.6931289,2.615471,10.37173,1.207622,59.11205,8,6,12,0
ERA,104,AUF 24 +  ,0,0.6931289,2.615471,10.37173,1.207622,59.11205,8,6,12,0
ERA,106,AUF 24 +  ,0,0.6931289,2.615471,10.37173,1.207622,59.11205,8,6,12,0
ERA,108,AUF 24 +  ,0,0.6931289,2.615471,10.37173,1.207622,59.11205,8,6,12,0
ERA,110,AUF 24 +  ,0,0.6931289,2.615471,10.37173,1.207622,59.11205,8,6,12,0
ERA,112,AUF 24 +  ,0,0.6931289,2.615471,10.37173,1.207622,59.11205,8,6,12,0
ERA,114,AUF 24 +  ,0,0.6931289,2.615471,10.37173,1.207622,59.11205,8,6,12,0
ERA,116,AUF 24 +  ,0,0.6931289,2.615471,10.37173,1.207622,59.11205,8,6,12,0
ERA,118,AUF 24 +  ,0,0.6931289,2.615471,10.37173,1.207622,59.11205,8,6,12,0
ERA,120,AUF 24 +  ,0,0.6931289,2.615471,10.37173,1.207622,59.11205,8,6,12,0
ERA,122,AUF 24 +  ,0,0.6931289,2.615471,10.37173,1.207622,59.11205,8,6,12,0
ERA,124,AUF 24 +  ,0,0.6931289,2.615471,10.37173,1.207622,59.11205,8,6,12,0
ERA,126,AUF 24 +  ,0,0.6931289,2.615471,10.37173,1.207622,59.11205,8,6,12,0
ERA,128,AUF 24 +  ,0,0.6931289,2.615471,10.37173,1.207622,59.11205,8,6,12,0
ERA,130,AUF 24 +  ,0,0.6931289,2.615471,10.37173,1.207622,59.11205,8,6,12,0
ERA,132,AUF 24 +  ,0,0.6931289,2.615471,10.37173,1.207622,59.11205,8,6,12,0
ERA,134,AUF 24 +  ,0,0.6931289,2.615471,10.37173,1.207622,59.11205,8,6,12,0
ERA,136,AUF 24 +  ,0,0.6931289,2.615471,10.37173,1.207622,59.11205,8,6,12,0
ERA,138,AUF 24 +  ,0,0.6931289,2.615471,10.37173,1.207622,59.11205,8,6,12,0
ERA,140,AUF 24 +  ,0,0.6931289,2.615471,10.37173,1.207622,59.11205,8,6,12,0
ERA,142,AUF 24 +  ,0,0.6931289,2.615471,10.37173,1.207622,59.11205,8,6,12,0
ERA,144,AUF 24 +  ,0,0.6931289,2.615471,10.37173,1.207622,59.11205,8,6,12,0
ERA,146,AUF 24 +  ,0,0.6931289,2.615471,10.37173,1.207622,59.11205,8,6,12,0
ERA,148,AUF 24 +  ,0,0.6931289,2.615471,10.37173,1.207622,59.11205,8,6,12,0
ERA,150,AUF 24 +  ,0,0.6931289,2.615471,10.37173,1.207622,59.11205,8,6,12,0
ERA,152,AUF 24 +  ,0,0.6931289,2.615471,10.37173,1.207622,59.11205,8,6,12,0
ERA,154,AUF 24 +  ,0,0.6931289,2.615471,10.37173,1.207622,59.11205,8,6,12,0
ERA,156,AUF 24 +  ,0,0.6931289,2.615471,10.37173,1.207622,59.11205,8,6,12,0
ERA,158,AUF 24 +  ,0,0.6931289,2.615471,10.37173,1.207622,59.11205,8,6,12,0
ERA,160,AUF 24 +  ,0,0.6931289,2.615471,10.37173,1.207622,59.11205,8,6,12,0
ERN,10,Tous FD 10-22 ,0,0,0,0,0,51,2,47,0,0
ERN,12,Tous FD 10-22 ,0,0,0,0,0,75,2,23,0,0
ERN,14,Tous FD 10-22 ,0,0,0,0,0,83,2,15,0,0
ERN,16,Tous FD 10-22 ,0,0,0,0,0,83,2,11,4,0
ERN,18,Tous FD 10-22 ,0,0,0,0,0,83,2,9,6,0
ERN,20,Tous FD 10-22 ,0,0,0,0,0,83,2,8,7,0
ERN,22,Tous FD 10-22 ,0,0,0,0,0,83,2,8,7,0
ERN,24,ERS 24 - 32  ,0,0.01820644,1.007276,22.58402,3.983749,48.40675,4,7,13,0
ERN,26,ERS 24 - 32  ,0,0.03878933,1.576939,22.58402,3.08485,48.7154,4,7,13,0
ERN,28,ERS 24 - 32  ,0,0.07959137,2.399013,22.58402,2.449443,48.48793,4,7,13,0
ERN,30,ERS 24 - 32  ,0,0.1564425,3.518471,21.52627,1.985774,48.81304,4,7,13,0
ERN,32,ERS 24 - 32  ,0,0.2935295,4.946157,20.66535,1.640004,47.45496,5,7,13,0
ERN,34,ERS 34 +  ,0,0.5246906,6.644184,19.97361,1.379198,47.47832,5,6,13,0
ERN,36,ERS 34 +  ,0,0.8913966,8.516344,19.42613,1.180375,45.98576,5,6,13,0
ERN,38,ERS 34 +  ,0,1.435673,10.42592,19.00182,1.027429,44.10915,5,6,13,0
ERN,40,ERS 34 +  ,0,2.184599,12.21762,18.66104,0.9078961,40.02885,6,7,13,0
ERN,42,ERS 34 +  ,0,3.134535,13.76834,18.37927,0.8134974,37.90435,6,7,13,0
ERN,44,ERS 34 +  ,0,4.244213,15.02209,18.15778,0.7392116,35.8367,6,7,13,0
ERN,46,ERS 34 +  ,0,5.435539,15.97046,17.9951,0.6811789,33.91772,6,7,13,0
ERN,48,ERS 34 +  ,0,6.608636,16.63474,17.88829,0.6364701,31.23187,7,7,13,0
ERN,50,ERS 34 +  ,0,7.647867,17.01566,17.80047,0.6017696,30.93423,7,6,13,0
ERN,52,ERS 34 +  ,0,8.45615,17.13177,17.71654,0.5752387,29.12031,8,6,13,0
ERN,54,ERS 34 +  ,0,8.978184,17.03024,17.65806,0.5566287,28.77689,8,6,13,0
ERN,56,ERS 34 +  ,0,9.182422,16.73981,17.63885,0.545682,27.89323,9,6,13,0
ERN,58,ERS 34 +  ,0,9.056149,16.27052,17.66737,0.5422515,28.46371,9,6,13,0
ERN,60,ERS 34 +  ,0,8.590237,15.59073,17.71955,0.5454842,29.554,10,5,13,0
ERN,62,ERS 34 +  ,0,7.80205,14.66342,17.7683,0.554696,31.21153,10,5,13,0
ERN,64,ERS 34 +  ,0,6.757043,13.48051,17.8132,0.5702385,32.37901,11,5,13,0
ERN,66,ERS 34 +  ,0,5.553906,12.04807,17.85208,0.5926389,34.9533,11,5,13,0
ERN,68,ERS 34 +  ,0,4.313363,10.40115,17.88122,0.6226308,36.78164,12,5,13,0
ERN,70,ERS 34 +  ,0,3.153437,8.61127,17.88764,0.6608993,38.68676,13,5,13,0
ERN,72,ERS 34 +  ,0,2.16547,6.791871,17.85652,0.708308,41.47783,13,5,13,0
ERN,74,ERS 34 +  ,0,1.396485,5.079878,17.7799,0.7662538,42.97748,14,5,13,0
ERN,76,ERS 34 +  ,0,0.8465405,3.594847,17.64939,0.8364615,44.07276,15,5,13,0
ERN,78,ERS 34 +  ,0,0.4830984,2.407341,17.45645,0.9210333,45.73208,15,5,13,0
ERN,80,ERS 34 +  ,0,0.2599134,1.528448,17.19137,1.022413,46.99786,15,5,13,0
ERN,82,ERS 34 +  ,0,0.1319852,0.9226422,16.84474,1.143438,47.9572,15,5,13,0
ERN,84,ERS 34 +  ,0,0.06331371,0.5310988,16.40994,1.287465,48.70818,15,5,13,0
ERN,86,ERS 34 +  ,0,0.02870625,0.2922704,15.88274,1.458305,49.33798,15,5,13,0
ERN,88,ERS 34 +  ,0,0.01230509,0.1540629,15.26188,1.660161,49.91159,15,5,13,0
ERN,90,ERS 34 +  ,0,0.004987441,0.07789061,14.5497,1.897483,50.46994,15,5,13,0
ERN,92,ERS 34 +  ,0,0.004802584,0.07500364,14.01042,1.827154,51.08262,15,5,13,0
ERN,94,ERS 34 +  ,0,0.004802584,0.07500364,14.01042,1.827154,51.08262,15,5,13,0
ERN,96,ERS 34 +  ,0,0.004802584,0.07500364,14.01042,1.827154,51.08262,15,5,13,0
ERN,98,ERS 34 +  ,0,0.004802584,0.07500364,14.01042,1.827154,51.08262,15,5,13,0
ERN,100,ERS 34 +  ,0,0.004802584,0.07500364,14.01042,1.827154,51.08262,15,5,13,0
ERN,102,ERS 34 +  ,0,0.004802584,0.07500364,14.01042,1.827154,51.08262,15,5,13,0
ERN,104,ERS 34 +  ,0,0.004802584,0.07500364,14.01042,1.827154,51.08262,15,5,13,0
ERN,106,ERS 34 +  ,0,0.004802584,0.07500364,14.01042,1.827154,51.08262,15,5,13,0
ERN,108,ERS 34 +  ,0,0.004802584,0.07500364,14.01042,1.827154,51.08262,15,5,13,0
ERN,110,ERS 34 +  ,0,0.004802584,0.07500364,14.01042,1.827154,51.08262,15,5,13,0
ERN,112,ERS 34 +  ,0,0.004802584,0.07500364,14.01042,1.827154,51.08262,15,5,13,0
ERN,114,ERS 34 +  ,0,0.004802584,0.07500364,14.01042,1.827154,51.08262,15,5,13,0
ERN,116,ERS 34 +  ,0,0.004802584,0.07500364,14.01042,1.827154,51.08262,15,5,13,0
ERN,118,ERS 34 +  ,0,0.004802584,0.07500364,14.01042,1.827154,51.08262,15,5,13,0
ERN,120,ERS 34 +  ,0,0.004802584,0.07500364,14.01042,1.827154,51.08262,15,5,13,0
ERN,122,ERS 34 +  ,0,0.004802584,0.07500364,14.01042,1.827154,51.08262,15,5,13,0
ERN,124,ERS 34 +  ,0,0.004802584,0.07500364,14.01042,1.827154,51.08262,15,5,13,0
ERN,126,ERS 34 +  ,0,0.004802584,0.07500364,14.01042,1.827154,51.08262,15,5,13,0
ERN,128,ERS 34 +  ,0,0.004802584,0.07500364,14.01042,1.827154,51.08262,15,5,13,0
ERN,130,ERS 34 +  ,0,0.004802584,0.07500364,14.01042,1.827154,51.08262,15,5,13,0
ERN,132,ERS 34 +  ,0,0.004802584,0.07500364,14.01042,1.827154,51.08262,15,5,13,0
ERN,134,ERS 34 +  ,0,0.004802584,0.07500364,14.01042,1.827154,51.08262,15,5,13,0
ERN,136,ERS 34 +  ,0,0.004802584,0.07500364,14.01042,1.827154,51.08262,15,5,13,0
ERN,138,ERS 34 +  ,0,0.004802584,0.07500364,14.01042,1.827154,51.08262,15,5,13,0
ERN,140,ERS 34 +  ,0,0.004802584,0.07500364,14.01042,1.827154,51.08262,15,5,13,0
ERN,142,ERS 34 +  ,0,0.004802584,0.07500364,14.01042,1.827154,51.08262,15,5,13,0
ERN,144,ERS 34 +  ,0,0.004802584,0.07500364,14.01042,1.827154,51.08262,15,5,13,0
ERN,146,ERS 34 +  ,0,0.004802584,0.07500364,14.01042,1.827154,51.08262,15,5,13,0
ERN,148,ERS 34 +  ,0,0.004802584,0.07500364,14.01042,1.827154,51.08262,15,5,13,0
ERN,150,ERS 34 +  ,0,0.004802584,0.07500364,14.01042,1.827154,51.08262,15,5,13,0
ERN,152,ERS 34 +  ,0,0.004802584,0.07500364,14.01042,1.827154,51.08262,15,5,13,0
ERN,154,ERS 34 +  ,0,0.004802584,0.07500364,14.01042,1.827154,51.08262,15,5,13,0
ERN,156,ERS 34 +  ,0,0.004802584,0.07500364,14.01042,1.827154,51.08262,15,5,13,0
ERN,158,ERS 34 +  ,0,0.004802584,0.07500364,14.01042,1.827154,51.08262,15,5,13,0
ERN,160,ERS 34 +  ,0,0.004802584,0.07500364,14.01042,1.827154,51.08262,15,5,13,0
ERR,10,Tous FD 10-22 ,0,0,0,0,0,69,2,29,0,0
ERR,12,Tous FD 10-22 ,0,0,0,0,0,81,2,16,1,0
ERR,14,Tous FD 10-22 ,0,0,0,0,0,81,2,12,5,0
ERR,16,Tous FD 10-22 ,0,0,0,0,0,81,2,10,7,0
ERR,18,Tous FD 10-22 ,0,0,0,0,0,81,2,10,7,0
ERR,20,Tous FD 10-22 ,0,0,0,0,0,81,2,8,9,0
ERR,22,Tous FD 10-22 ,0,0,0,0,0,81,2,8,9,0
ERR,24,ERR 24 +  ,0,0,0,33.60846,1.951138,35.4404,8,8,13,0
ERR,26,ERR 24 +  ,0,0,5.606749,23.71959,1.755526,39.91814,8,8,13,0
ERR,28,ERR 24 +  ,0,0,5.022227,21.24674,1.621852,43.10918,8,8,13,0
ERR,30,ERR 24 +  ,0,0,4.590239,19.4192,1.529254,45.46131,8,8,13,0
ERR,32,ERR 24 +  ,0,0,4.25892,18.01754,1.464151,47.25939,8,8,13,0
ERR,34,ERR 24 +  ,0,0,3.994177,16.89754,1.417328,50.69096,8,7,12,0
ERR,36,ERR 24 +  ,0,1.002807,3.784017,15.00564,1.386336,51.8212,8,7,12,0
ERR,38,ERR 24 +  ,0,0.9577775,3.614103,14.33184,1.367432,52.72885,8,7,12,0
ERR,40,ERR 24 +  ,0,0.9217829,3.47828,13.79323,1.359498,53.44721,8,7,12,0
ERR,42,ERR 24 +  ,0,0.8967005,3.383633,13.4179,1.366552,53.93521,8,7,12,0
ERR,44,ERR 24 +  ,0,0.8766659,3.308034,13.11811,1.380903,54.31628,8,7,12,0
ERR,46,ERR 24 +  ,0,0.8584953,3.239469,12.84621,1.398104,54.65772,8,7,12,0
ERR,48,ERR 24 +  ,0,0.8413125,3.17463,12.5891,1.41695,54.97801,8,7,12,0
ERR,50,ERR 24 +  ,0,0.823993,3.109277,12.32993,1.435624,56.30117,8,6,12,0
ERR,52,ERR 24 +  ,0,0.7550495,2.849123,11.29829,1.315505,57.78204,8,6,12,0
ERR,54,ERR 24 +  ,0,0.6931289,2.615471,10.37173,1.207622,59.11205,8,6,12,0
ERR,56,ERR 24 +  ,0,0.6931289,2.615471,10.37173,1.207622,59.11205,8,6,12,0
ERR,58,ERR 24 +  ,0,0.6931289,2.615471,10.37173,1.207622,59.11205,8,6,12,0
ERR,60,ERR 24 +  ,0,0.6931289,2.615471,10.37173,1.207622,59.11205,8,6,12,0
ERR,62,ERR 24 +  ,0,0.6931289,2.615471,10.37173,1.207622,59.11205,8,6,12,0
ERR,64,ERR 24 +  ,0,0.6931289,2.615471,10.37173,1.207622,59.11205,8,6,12,0
ERR,66,ERR 24 +  ,0,0.6931289,2.615471,10.37173,1.207622,59.11205,8,6,12,0
ERR,68,ERR 24 +  ,0,0.6931289,2.615471,10.37173,1.207622,59.11205,8,6,12,0
ERR,70,ERR 24 +  ,0,0.6931289,2.615471,10.37173,1.207622,59.11205,8,6,12,0
ERR,72,ERR 24 +  ,0,0.6931289,2.615471,10.37173,1.207622,59.11205,8,6,12,0
ERR,74,ERR 24 +  ,0,0.6931289,2.615471,10.37173,1.207622,59.11205,8,6,12,0
ERR,76,ERR 24 +  ,0,0.6931289,2.615471,10.37173,1.207622,59.11205,8,6,12,0
ERR,78,ERR 24 +  ,0,0.6931289,2.615471,10.37173,1.207622,59.11205,8,6,12,0
ERR,80,ERR 24 +  ,0,0.6931289,2.615471,10.37173,1.207622,59.11205,8,6,12,0
ERR,82,ERR 24 +  ,0,0.6931289,2.615471,10.37173,1.207622,59.11205,8,6,12,0
ERR,84,ERR 24 +  ,0,0.6931289,2.615471,10.37173,1.207622,59.11205,8,6,12,0
ERR,86,ERR 24 +  ,0,0.6931289,2.615471,10.37173,1.207622,59.11205,8,6,12,0
ERR,88,ERR 24 +  ,0,0.6931289,2.615471,10.37173,1.207622,59.11205,8,6,12,0
ERR,90,ERR 24 +  ,0,0.6931289,2.615471,10.37173,1.207622,59.11205,8,6,12,0
ERR,92,ERR 24 +  ,0,0.6931289,2.615471,10.37173,1.207622,59.11205,8,6,12,0
ERR,94,ERR 24 +  ,0,0.6931289,2.615471,10.37173,1.207622,59.11205,8,6,12,0
ERR,96,ERR 24 +  ,0,0.6931289,2.615471,10.37173,1.207622,59.11205,8,6,12,0
ERR,98,ERR 24 +  ,0,0.6931289,2.615471,10.37173,1.207622,59.11205,8,6,12,0
ERR,100,ERR 24 +  ,0,0.6931289,2.615471,10.37173,1.207622,59.11205,8,6,12,0
ERR,102,ERR 24 +  ,0,0.6931289,2.615471,10.37173,1.207622,59.11205,8,6,12,0
ERR,104,ERR 24 +  ,0,0.6931289,2.615471,10.37173,1.207622,59.11205,8,6,12,0
ERR,106,ERR 24 +  ,0,0.6931289,2.615471,10.37173,1.207622,59.11205,8,6,12,0
ERR,108,ERR 24 +  ,0,0.6931289,2.615471,10.37173,1.207622,59.11205,8,6,12,0
ERR,110,ERR 24 +  ,0,0.6931289,2.615471,10.37173,1.207622,59.11205,8,6,12,0
ERR,112,ERR 24 +  ,0,0.6931289,2.615471,10.37173,1.207622,59.11205,8,6,12,0
ERR,114,ERR 24 +  ,0,0.6931289,2.615471,10.37173,1.207622,59.11205,8,6,12,0
ERR,116,ERR 24 +  ,0,0.6931289,2.615471,10.37173,1.207622,59.11205,8,6,12,0
ERR,118,ERR 24 +  ,0,0.6931289,2.615471,10.37173,1.207622,59.11205,8,6,12,0
ERR,120,ERR 24 +  ,0,0.6931289,2.615471,10.37173,1.207622,59.11205,8,6,12,0
ERR,122,ERR 24 +  ,0,0.6931289,2.615471,10.37173,1.207622,59.11205,8,6,12,0
ERR,124,ERR 24 +  ,0,0.6931289,2.615471,10.37173,1.207622,59.11205,8,6,12,0
ERR,126,ERR 24 +  ,0,0.6931289,2.615471,10.37173,1.207622,59.11205,8,6,12,0
ERR,128,ERR 24 +  ,0,0.6931289,2.615471,10.37173,1.207622,59.11205,8,6,12,0
ERR,130,ERR 24 +  ,0,0.6931289,2.615471,10.37173,1.207622,59.11205,8,6,12,0
ERR,132,ERR 24 +  ,0,0.6931289,2.615471,10.37173,1.207622,59.11205,8,6,12,0
ERR,134,ERR 24 +  ,0,0.6931289,2.615471,10.37173,1.207622,59.11205,8,6,12,0
ERR,136,ERR 24 +  ,0,0.6931289,2.615471,10.37173,1.207622,59.11205,8,6,12,0
ERR,138,ERR 24 +  ,0,0.6931289,2.615471,10.37173,1.207622,59.11205,8,6,12,0
ERR,140,ERR 24 +  ,0,0.6931289,2.615471,10.37173,1.207622,59.11205,8,6,12,0
ERR,142,ERR 24 +  ,0,0.6931289,2.615471,10.37173,1.207622,59.11205,8,6,12,0
ERR,144,ERR 24 +  ,0,0.6931289,2.615471,10.37173,1.207622,59.11205,8,6,12,0
ERR,146,ERR 24 +  ,0,0.6931289,2.615471,10.37173,1.207622,59.11205,8,6,12,0
ERR,148,ERR 24 +  ,0,0.6931289,2.615471,10.37173,1.207622,59.11205,8,6,12,0
ERR,150,ERR 24 +  ,0,0.6931289,2.615471,10.37173,1.207622,59.11205,8,6,12,0
ERR,152,ERR 24 +  ,0,0.6931289,2.615471,10.37173,1.207622,59.11205,8,6,12,0
ERR,154,ERR 24 +  ,0,0.6931289,2.615471,10.37173,1.207622,59.11205,8,6,12,0
ERR,156,ERR 24 +  ,0,0.6931289,2.615471,10.37173,1.207622,59.11205,8,6,12,0
ERR,158,ERR 24 +  ,0,0.6931289,2.615471,10.37173,1.207622,59.11205,8,6,12,0
ERR,160,ERR 24 +  ,0,0.6931289,2.615471,10.37173,1.207622,59.11205,8,6,12,0
ERS,10,Tous FD 10-22 ,0,0,0,0,0,51,2,47,0,0
ERS,12,Tous FD 10-22 ,0,0,0,0,0,75,2,23,0,0
ERS,14,Tous FD 10-22 ,0,0,0,0,0,83,2,15,0,0
ERS,16,Tous FD 10-22 ,0,0,0,0,0,83,2,11,4,0
ERS,18,Tous FD 10-22 ,0,0,0,0,0,83,2,9,6,0
ERS,20,Tous FD 10-22 ,0,0,0,0,0,83,2,8,7,0
ERS,22,Tous FD 10-22 ,0,0,0,0,0,83,2,8,7,0
ERS,24,ERS 24 - 32  ,0,0.01820644,1.007276,22.58402,3.983749,48.40675,4,7,13,0
ERS,26,ERS 24 - 32  ,0,0.03878933,1.576939,22.58402,3.08485,48.7154,4,7,13,0
ERS,28,ERS 24 - 32  ,0,0.07959137,2.399013,22.58402,2.449443,48.48793,4,7,13,0
ERS,30,ERS 24 - 32  ,0,0.1564425,3.518471,21.52627,1.985774,48.81304,4,7,13,0
ERS,32,ERS 24 - 32  ,0,0.2935295,4.946157,20.66535,1.640004,47.45496,5,7,13,0
ERS,34,ERS 34 +  ,0,0.5246906,6.644184,19.97361,1.379198,47.47832,5,6,13,0
ERS,36,ERS 34 +  ,0,0.8913966,8.516344,19.42613,1.180375,45.98576,5,6,13,0
ERS,38,ERS 34 +  ,0,1.435673,10.42592,19.00182,1.027429,44.10915,5,6,13,0
ERS,40,ERS 34 +  ,0,2.184599,12.21762,18.66104,0.9078961,40.02885,6,7,13,0
ERS,42,ERS 34 +  ,0,3.134535,13.76834,18.37927,0.8134974,37.90435,6,7,13,0
ERS,44,ERS 34 +  ,0,4.244213,15.02209,18.15778,0.7392116,35.8367,6,7,13,0
ERS,46,ERS 34 +  ,0,5.435539,15.97046,17.9951,0.6811789,33.91772,6,7,13,0
ERS,48,ERS 34 +  ,0,6.608636,16.63474,17.88829,0.6364701,31.23187,7,7,13,0
ERS,50,ERS 34 +  ,0,7.647867,17.01566,17.80047,0.6017696,30.93423,7,6,13,0
ERS,52,ERS 34 +  ,0,8.45615,17.13177,17.71654,0.5752387,29.12031,8,6,13,0
ERS,54,ERS 34 +  ,0,8.978184,17.03024,17.65806,0.5566287,28.77689,8,6,13,0
ERS,56,ERS 34 +  ,0,9.182422,16.73981,17.63885,0.545682,27.89323,9,6,13,0
ERS,58,ERS 34 +  ,0,9.056149,16.27052,17.66737,0.5422515,28.46371,9,6,13,0
ERS,60,ERS 34 +  ,0,8.590237,15.59073,17.71955,0.5454842,29.554,10,5,13,0
ERS,62,ERS 34 +  ,0,7.80205,14.66342,17.7683,0.554696,31.21153,10,5,13,0
ERS,64,ERS 34 +  ,0,6.757043,13.48051,17.8132,0.5702385,32.37901,11,5,13,0
ERS,66,ERS 34 +  ,0,5.553906,12.04807,17.85208,0.5926389,34.9533,11,5,13,0
ERS,68,ERS 34 +  ,0,4.313363,10.40115,17.88122,0.6226308,36.78164,12,5,13,0
ERS,70,ERS 34 +  ,0,3.153437,8.61127,17.88764,0.6608993,38.68676,13,5,13,0
ERS,72,ERS 34 +  ,0,2.16547,6.791871,17.85652,0.708308,41.47783,13,5,13,0
ERS,74,ERS 34 +  ,0,1.396485,5.079878,17.7799,0.7662538,42.97748,14,5,13,0
ERS,76,ERS 34 +  ,0,0.8465405,3.594847,17.64939,0.8364615,44.07276,15,5,13,0
ERS,78,ERS 34 +  ,0,0.4830984,2.407341,17.45645,0.9210333,45.73208,15,5,13,0
ERS,80,ERS 34 +  ,0,0.2599134,1.528448,17.19137,1.022413,46.99786,15,5,13,0
ERS,82,ERS 34 +  ,0,0.1319852,0.9226422,16.84474,1.143438,47.9572,15,5,13,0
ERS,84,ERS 34 +  ,0,0.06331371,0.5310988,16.40994,1.287465,48.70818,15,5,13,0
ERS,86,ERS 34 +  ,0,0.02870625,0.2922704,15.88274,1.458305,49.33798,15,5,13,0
ERS,88,ERS 34 +  ,0,0.01230509,0.1540629,15.26188,1.660161,49.91159,15,5,13,0
ERS,90,ERS 34 +  ,0,0.004987441,0.07789061,14.5497,1.897483,50.46994,15,5,13,0
ERS,92,ERS 34 +  ,0,0.004802584,0.07500364,14.01042,1.827154,51.08262,15,5,13,0
ERS,94,ERS 34 +  ,0,0.004802584,0.07500364,14.01042,1.827154,51.08262,15,5,13,0
ERS,96,ERS 34 +  ,0,0.004802584,0.07500364,14.01042,1.827154,51.08262,15,5,13,0
ERS,98,ERS 34 +  ,0,0.004802584,0.07500364,14.01042,1.827154,51.08262,15,5,13,0
ERS,100,ERS 34 +  ,0,0.004802584,0.07500364,14.01042,1.827154,51.08262,15,5,13,0
ERS,102,ERS 34 +  ,0,0.004802584,0.07500364,14.01042,1.827154,51.08262,15,5,13,0
ERS,104,ERS 34 +  ,0,0.004802584,0.07500364,14.01042,1.827154,51.08262,15,5,13,0
ERS,106,ERS 34 +  ,0,0.004802584,0.07500364,14.01042,1.827154,51.08262,15,5,13,0
ERS,108,ERS 34 +  ,0,0.004802584,0.07500364,14.01042,1.827154,51.08262,15,5,13,0
ERS,110,ERS 34 +  ,0,0.004802584,0.07500364,14.01042,1.827154,51.08262,15,5,13,0
ERS,112,ERS 34 +  ,0,0.004802584,0.07500364,14.01042,1.827154,51.08262,15,5,13,0
ERS,114,ERS 34 +  ,0,0.004802584,0.07500364,14.01042,1.827154,51.08262,15,5,13,0
ERS,116,ERS 34 +  ,0,0.004802584,0.07500364,14.01042,1.827154,51.08262,15,5,13,0
ERS,118,ERS 34 +  ,0,0.004802584,0.07500364,14.01042,1.827154,51.08262,15,5,13,0
ERS,120,ERS 34 +  ,0,0.004802584,0.07500364,14.01042,1.827154,51.08262,15,5,13,0
ERS,122,ERS 34 +  ,0,0.004802584,0.07500364,14.01042,1.827154,51.08262,15,5,13,0
ERS,124,ERS 34 +  ,0,0.004802584,0.07500364,14.01042,1.827154,51.08262,15,5,13,0
ERS,126,ERS 34 +  ,0,0.004802584,0.07500364,14.01042,1.827154,51.08262,15,5,13,0
ERS,128,ERS 34 +  ,0,0.004802584,0.07500364,14.01042,1.827154,51.08262,15,5,13,0
ERS,130,ERS 34 +  ,0,0.004802584,0.07500364,14.01042,1.827154,51.08262,15,5,13,0
ERS,132,ERS 34 +  ,0,0.004802584,0.07500364,14.01042,1.827154,51.08262,15,5,13,0
ERS,134,ERS 34 +  ,0,0.004802584,0.07500364,14.01042,1.827154,51.08262,15,5,13,0
ERS,136,ERS 34 +  ,0,0.004802584,0.07500364,14.01042,1.827154,51.08262,15,5,13,0
ERS,138,ERS 34 +  ,0,0.004802584,0.07500364,14.01042,1.827154,51.08262,15,5,13,0
ERS,140,ERS 34 +  ,0,0.004802584,0.07500364,14.01042,1.827154,51.08262,15,5,13,0
ERS,142,ERS 34 +  ,0,0.004802584,0.07500364,14.01042,1.827154,51.08262,15,5,13,0
ERS,144,ERS 34 +  ,0,0.004802584,0.07500364,14.01042,1.827154,51.08262,15,5,13,0
ERS,146,ERS 34 +  ,0,0.004802584,0.07500364,14.01042,1.827154,51.08262,15,5,13,0
ERS,148,ERS 34 +  ,0,0.004802584,0.07500364,14.01042,1.827154,51.08262,15,5,13,0
ERS,150,ERS 34 +  ,0,0.004802584,0.07500364,14.01042,1.827154,51.08262,15,5,13,0
ERS,152,ERS 34 +  ,0,0.004802584,0.07500364,14.01042,1.827154,51.08262,15,5,13,0
ERS,154,ERS 34 +  ,0,0.004802584,0.07500364,14.01042,1.827154,51.08262,15,5,13,0
ERS,156,ERS 34 +  ,0,0.004802584,0.07500364,14.01042,1.827154,51.08262,15,5,13,0
ERS,158,ERS 34 +  ,0,0.004802584,0.07500364,14.01042,1.827154,51.08262,15,5,13,0
ERS,160,ERS 34 +  ,0,0.004802584,0.07500364,14.01042,1.827154,51.08262,15,5,13,0
FRA,10,Tous FD 10-22 ,0,0,0,0,0,60,1,39,0,0
FRA,12,Tous FD 10-22 ,0,0,0,0,0,78,1,21,0,0
FRA,14,Tous FD 10-22 ,0,0,0,0,0,80,1,15,4,0
FRA,16,Tous FD 10-22 ,0,0,0,0,0,80,1,12,7,0
FRA,18,Tous FD 10-22 ,0,0,0,0,0,80,1,10,9,0
FRA,20,Tous FD 10-22 ,0,0,0,0,0,80,1,9,10,0
FRA,22,Tous FD 10-22 ,0,0,0,0,0,80,1,9,10,0
FRA,24,AUF 24 +  ,0.369673,0.04070443,4.936518,32.87616,5.176368,29.60057,1,9,17,0
FRA,26,AUF 24 +  ,0.4783325,0.07069683,5.600336,32.87616,4.341733,28.63274,2,9,17,0
FRA,28,AUF 24 +  ,0.6112765,0.1194852,6.308047,32.87616,3.711318,28.37371,2,9,17,0
FRA,30,AUF 24 +  ,0.7687896,0.1957905,7.031725,28.12662,3.222135,31.65494,3,9,17,0
FRA,32,AUF 24 +  ,0.949098,0.3101482,7.742014,24.31018,2.83404,34.85452,3,9,17,0
FRA,34,AUF 24 +  ,1.146985,0.4734081,8.403649,21.16979,2.518266,37.2879,4,8,17,0
FRA,36,AUF 24 +  ,1.354757,0.6947109,8.988617,18.54342,2.256642,39.16185,4,8,17,0
FRA,38,AUF 24 +  ,1.56356,0.9790925,9.482936,16.33168,2.03816,39.60457,5,8,17,0
FRA,40,AUF 24 +  ,1.763038,1.324074,9.878349,14.45677,1.854267,41.7235,6,7,16,0
FRA,42,AUF 24 +  ,1.942219,1.717258,10.17186,12.85781,1.698311,42.61255,6,7,16,0
FRA,44,AUF 24 +  ,2.090512,2.135834,10.36454,11.48682,1.565104,42.35719,7,7,16,0
FRA,46,AUF 24 +  ,2.198048,2.547931,10.45705,10.30281,1.450153,42.04401,8,7,16,0
FRA,48,AUF 24 +  ,2.256828,2.916992,10.4502,9.272586,1.349802,42.75359,8,7,16,0
FRA,50,AUF 24 +  ,2.262335,3.208454,10.34811,8.372328,1.261518,44.54725,9,6,15,0
FRA,52,AUF 24 +  ,2.213528,3.394593,10.15509,7.582955,1.183317,44.47052,10,6,15,0
FRA,54,AUF 24 +  ,2.112961,3.458095,9.875205,6.888923,1.113626,44.55119,11,6,15,0
FRA,56,AUF 24 +  ,1.966041,3.392694,9.509418,6.275521,1.050871,44.80545,12,6,15,0
FRA,58,AUF 24 +  ,1.781893,3.205378,9.06191,5.732484,0.9940798,45.22425,13,6,15,0
FRA,60,AUF 24 +  ,1.572438,2.915309,8.540601,5.252964,0.9427915,46.7759,14,5,15,0
FRA,62,AUF 24 +  ,1.350323,2.549875,7.9533,4.830304,0.8965331,47.41967,15,5,15,0
FRA,64,AUF 24 +  ,1.127803,2.141616,7.308825,4.458266,0.8548445,48.10864,16,5,15,0
FRA,66,AUF 24 +  ,0.9156764,1.72437,6.618079,4.131147,0.817293,48.79343,17,5,15,0
FRA,68,AUF 24 +  ,0.7225197,1.329116,5.895661,3.844354,0.7835899,49.42476,18,5,15,0
FRA,70,AUF 24 +  ,0.5537024,0.9791179,5.156244,3.591897,0.7530826,49.96596,19,5,15,0
FRA,72,AUF 24 +  ,0.4117928,0.688368,4.416979,3.367761,0.7249998,50.3901,20,5,15,0
FRA,74,AUF 24 +  ,0.2970433,0.4614851,3.698592,3.167333,0.6987619,49.67678,22,5,15,0
FRA,76,AUF 24 +  ,0.2077516,0.2949167,3.022511,2.987026,0.6739329,49.81386,23,5,15,0
FRA,78,AUF 24 +  ,0.1409355,0.179767,2.409245,2.825727,0.6505816,49.79374,24,5,15,0
FRA,80,AUF 24 +  ,0.09279032,0.1046115,1.87321,2.682836,0.6288761,49.61768,25,5,15,0
FRA,82,AUF 24 +  ,0.05929476,0.0581392,1.420457,2.556381,0.6086397,50.29709,25,5,15,0
FRA,84,AUF 24 +  ,0.03677762,0.03086842,1.050719,2.444671,0.5897207,50.84724,25,5,15,0
FRA,86,AUF 24 +  ,0.02214214,0.01566081,0.7584731,2.346257,0.5719889,51.28548,25,5,15,0
FRA,88,AUF 24 +  ,0.01294047,0.007593603,0.5346158,2.259989,0.5553556,51.62951,25,5,15,0
FRA,90,AUF 24 +  ,0.007341806,0.003519452,0.3681893,2.184931,0.539755,51.89626,25,5,15,0
FRA,92,AUF 24 +  ,0.007019368,0.003364885,0.3520191,2.088973,0.5160499,52.03257,25,5,15,0
FRA,94,AUF 24 +  ,0.006717217,0.003220042,0.3368664,1.999053,0.4938365,52.16031,25,5,15,0
FRA,96,AUF 24 +  ,0.006433744,0.003084153,0.3226503,1.914691,0.4729961,52.28014,25,5,15,0
FRA,98,AUF 24 +  ,0.006167488,0.002956518,0.3092976,1.835452,0.4534214,52.3927,25,5,15,0
FRA,100,AUF 24 +  ,0.006167488,0.002956518,0.3092976,1.835452,0.4534214,52.3927,25,5,15,0
FRA,102,AUF 24 +  ,0.006167488,0.002956518,0.3092976,1.835452,0.4534214,52.3927,25,5,15,0
FRA,104,AUF 24 +  ,0.006167488,0.002956518,0.3092976,1.835452,0.4534214,52.3927,25,5,15,0
FRA,106,AUF 24 +  ,0.006167488,0.002956518,0.3092976,1.835452,0.4534214,52.3927,25,5,15,0
FRA,108,AUF 24 +  ,0.006167488,0.002956518,0.3092976,1.835452,0.4534214,52.3927,25,5,15,0
FRA,110,AUF 24 +  ,0.006167488,0.002956518,0.3092976,1.835452,0.4534214,52.3927,25,5,15,0
FRA,112,AUF 24 +  ,0.006167488,0.002956518,0.3092976,1.835452,0.4534214,52.3927,25,5,15,0
FRA,114,AUF 24 +  ,0.006167488,0.002956518,0.3092976,1.835452,0.4534214,52.3927,25,5,15,0
FRA,116,AUF 24 +  ,0.006167488,0.002956518,0.3092976,1.835452,0.4534214,52.3927,25,5,15,0
FRA,118,AUF 24 +  ,0.006167488,0.002956518,0.3092976,1.835452,0.4534214,52.3927,25,5,15,0
FRA,120,AUF 24 +  ,0.006167488,0.002956518,0.3092976,1.835452,0.4534214,52.3927,25,5,15,0
FRA,122,AUF 24 +  ,0.006167488,0.002956518,0.3092976,1.835452,0.4534214,52.3927,25,5,15,0
FRA,124,AUF 24 +  ,0.006167488,0.002956518,0.3092976,1.835452,0.4534214,52.3927,25,5,15,0
FRA,126,AUF 24 +  ,0.006167488,0.002956518,0.3092976,1.835452,0.4534214,52.3927,25,5,15,0
FRA,128,AUF 24 +  ,0.006167488,0.002956518,0.3092976,1.835452,0.4534214,52.3927,25,5,15,0
FRA,130,AUF 24 +  ,0.006167488,0.002956518,0.3092976,1.835452,0.4534214,52.3927,25,5,15,0
FRA,132,AUF 24 +  ,0.006167488,0.002956518,0.3092976,1.835452,0.4534214,52.3927,25,5,15,0
FRA,134,AUF 24 +  ,0.006167488,0.002956518,0.3092976,1.835452,0.4534214,52.3927,25,5,15,0
FRA,136,AUF 24 +  ,0.006167488,0.002956518,0.3092976,1.835452,0.4534214,52.3927,25,5,15,0
FRA,138,AUF 24 +  ,0.006167488,0.002956518,0.3092976,1.835452,0.4534214,52.3927,25,5,15,0
FRA,140,AUF 24 +  ,0.006167488,0.002956518,0.3092976,1.835452,0.4534214,52.3927,25,5,15,0
FRA,142,AUF 24 +  ,0.006167488,0.002956518,0.3092976,1.835452,0.4534214,52.3927,25,5,15,0
FRA,144,AUF 24 +  ,0.006167488,0.002956518,0.3092976,1.835452,0.4534214,52.3927,25,5,15,0
FRA,146,AUF 24 +  ,0.006167488,0.002956518,0.3092976,1.835452,0.4534214,52.3927,25,5,15,0
FRA,148,AUF 24 +  ,0.006167488,0.002956518,0.3092976,1.835452,0.4534214,52.3927,25,5,15,0
FRA,150,AUF 24 +  ,0.006167488,0.002956518,0.3092976,1.835452,0.4534214,52.3927,25,5,15,0
FRA,152,AUF 24 +  ,0.006167488,0.002956518,0.3092976,1.835452,0.4534214,52.3927,25,5,15,0
FRA,154,AUF 24 +  ,0.006167488,0.002956518,0.3092976,1.835452,0.4534214,52.3927,25,5,15,0
FRA,156,AUF 24 +  ,0.006167488,0.002956518,0.3092976,1.835452,0.4534214,52.3927,25,5,15,0
FRA,158,AUF 24 +  ,0.006167488,0.002956518,0.3092976,1.835452,0.4534214,52.3927,25,5,15,0
FRA,160,AUF 24 +  ,0.006167488,0.002956518,0.3092976,1.835452,0.4534214,52.3927,25,5,15,0
FRN,10,Tous FD 10-22 ,0,0,0,0,0,60,1,39,0,0
FRN,12,Tous FD 10-22 ,0,0,0,0,0,78,1,21,0,0
FRN,14,Tous FD 10-22 ,0,0,0,0,0,80,1,15,4,0
FRN,16,Tous FD 10-22 ,0,0,0,0,0,80,1,12,7,0
FRN,18,Tous FD 10-22 ,0,0,0,0,0,80,1,10,9,0
FRN,20,Tous FD 10-22 ,0,0,0,0,0,80,1,9,10,0
FRN,22,Tous FD 10-22 ,0,0,0,0,0,80,1,9,10,0
FRN,24,AUF 24 +  ,0.369673,0.04070443,4.936518,32.87616,5.176368,29.60057,1,9,17,0
FRN,26,AUF 24 +  ,0.4783325,0.07069683,5.600336,32.87616,4.341733,28.63274,2,9,17,0
FRN,28,AUF 24 +  ,0.6112765,0.1194852,6.308047,32.87616,3.711318,28.37371,2,9,17,0
FRN,30,AUF 24 +  ,0.7687896,0.1957905,7.031725,28.12662,3.222135,31.65494,3,9,17,0
FRN,32,AUF 24 +  ,0.949098,0.3101482,7.742014,24.31018,2.83404,34.85452,3,9,17,0
FRN,34,AUF 24 +  ,1.146985,0.4734081,8.403649,21.16979,2.518266,37.2879,4,8,17,0
FRN,36,AUF 24 +  ,1.354757,0.6947109,8.988617,18.54342,2.256642,39.16185,4,8,17,0
FRN,38,AUF 24 +  ,1.56356,0.9790925,9.482936,16.33168,2.03816,39.60457,5,8,17,0
FRN,40,AUF 24 +  ,1.763038,1.324074,9.878349,14.45677,1.854267,41.7235,6,7,16,0
FRN,42,AUF 24 +  ,1.942219,1.717258,10.17186,12.85781,1.698311,42.61255,6,7,16,0
FRN,44,AUF 24 +  ,2.090512,2.135834,10.36454,11.48682,1.565104,42.35719,7,7,16,0
FRN,46,AUF 24 +  ,2.198048,2.547931,10.45705,10.30281,1.450153,42.04401,8,7,16,0
FRN,48,AUF 24 +  ,2.256828,2.916992,10.4502,9.272586,1.349802,42.75359,8,7,16,0
FRN,50,AUF 24 +  ,2.262335,3.208454,10.34811,8.372328,1.261518,44.54725,9,6,15,0
FRN,52,AUF 24 +  ,2.213528,3.394593,10.15509,7.582955,1.183317,44.47052,10,6,15,0
FRN,54,AUF 24 +  ,2.112961,3.458095,9.875205,6.888923,1.113626,44.55119,11,6,15,0
FRN,56,AUF 24 +  ,1.966041,3.392694,9.509418,6.275521,1.050871,44.80545,12,6,15,0
FRN,58,AUF 24 +  ,1.781893,3.205378,9.06191,5.732484,0.9940798,45.22425,13,6,15,0
FRN,60,AUF 24 +  ,1.572438,2.915309,8.540601,5.252964,0.9427915,46.7759,14,5,15,0
FRN,62,AUF 24 +  ,1.350323,2.549875,7.9533,4.830304,0.8965331,47.41967,15,5,15,0
FRN,64,AUF 24 +  ,1.127803,2.141616,7.308825,4.458266,0.8548445,48.10864,16,5,15,0
FRN,66,AUF 24 +  ,0.9156764,1.72437,6.618079,4.131147,0.817293,48.79343,17,5,15,0
FRN,68,AUF 24 +  ,0.7225197,1.329116,5.895661,3.844354,0.7835899,49.42476,18,5,15,0
FRN,70,AUF 24 +  ,0.5537024,0.9791179,5.156244,3.591897,0.7530826,49.96596,19,5,15,0
FRN,72,AUF 24 +  ,0.4117928,0.688368,4.416979,3.367761,0.7249998,50.3901,20,5,15,0
FRN,74,AUF 24 +  ,0.2970433,0.4614851,3.698592,3.167333,0.6987619,49.67678,22,5,15,0
FRN,76,AUF 24 +  ,0.2077516,0.2949167,3.022511,2.987026,0.6739329,49.81386,23,5,15,0
FRN,78,AUF 24 +  ,0.1409355,0.179767,2.409245,2.825727,0.6505816,49.79374,24,5,15,0
FRN,80,AUF 24 +  ,0.09279032,0.1046115,1.87321,2.682836,0.6288761,49.61768,25,5,15,0
FRN,82,AUF 24 +  ,0.05929476,0.0581392,1.420457,2.556381,0.6086397,50.29709,25,5,15,0
FRN,84,AUF 24 +  ,0.03677762,0.03086842,1.050719,2.444671,0.5897207,50.84724,25,5,15,0
FRN,86,AUF 24 +  ,0.02214214,0.01566081,0.7584731,2.346257,0.5719889,51.28548,25,5,15,0
FRN,88,AUF 24 +  ,0.01294047,0.007593603,0.5346158,2.259989,0.5553556,51.62951,25,5,15,0
FRN,90,AUF 24 +  ,0.007341806,0.003519452,0.3681893,2.184931,0.539755,51.89626,25,5,15,0
FRN,92,AUF 24 +  ,0.007019368,0.003364885,0.3520191,2.088973,0.5160499,52.03257,25,5,15,0
FRN,94,AUF 24 +  ,0.006717217,0.003220042,0.3368664,1.999053,0.4938365,52.16031,25,5,15,0
FRN,96,AUF 24 +  ,0.006433744,0.003084153,0.3226503,1.914691,0.4729961,52.28014,25,5,15,0
FRN,98,AUF 24 +  ,0.006167488,0.002956518,0.3092976,1.835452,0.4534214,52.3927,25,5,15,0
FRN,100,AUF 24 +  ,0.006167488,0.002956518,0.3092976,1.835452,0.4534214,52.3927,25,5,15,0
FRN,102,AUF 24 +  ,0.006167488,0.002956518,0.3092976,1.835452,0.4534214,52.3927,25,5,15,0
FRN,104,AUF 24 +  ,0.006167488,0.002956518,0.3092976,1.835452,0.4534214,52.3927,25,5,15,0
FRN,106,AUF 24 +  ,0.006167488,0.002956518,0.3092976,1.835452,0.4534214,52.3927,25,5,15,0
FRN,108,AUF 24 +  ,0.006167488,0.002956518,0.3092976,1.835452,0.4534214,52.3927,25,5,15,0
FRN,110,AUF 24 +  ,0.006167488,0.002956518,0.3092976,1.835452,0.4534214,52.3927,25,5,15,0
FRN,112,AUF 24 +  ,0.006167488,0.002956518,0.3092976,1.835452,0.4534214,52.3927,25,5,15,0
FRN,114,AUF 24 +  ,0.006167488,0.002956518,0.3092976,1.835452,0.4534214,52.3927,25,5,15,0
FRN,116,AUF 24 +  ,0.006167488,0.002956518,0.3092976,1.835452,0.4534214,52.3927,25,5,15,0
FRN,118,AUF 24 +  ,0.006167488,0.002956518,0.3092976,1.835452,0.4534214,52.3927,25,5,15,0
FRN,120,AUF 24 +  ,0.006167488,0.002956518,0.3092976,1.835452,0.4534214,52.3927,25,5,15,0
FRN,122,AUF 24 +  ,0.006167488,0.002956518,0.3092976,1.835452,0.4534214,52.3927,25,5,15,0
FRN,124,AUF 24 +  ,0.006167488,0.002956518,0.3092976,1.835452,0.4534214,52.3927,25,5,15,0
FRN,126,AUF 24 +  ,0.006167488,0.002956518,0.3092976,1.835452,0.4534214,52.3927,25,5,15,0
FRN,128,AUF 24 +  ,0.006167488,0.002956518,0.3092976,1.835452,0.4534214,52.3927,25,5,15,0
FRN,130,AUF 24 +  ,0.006167488,0.002956518,0.3092976,1.835452,0.4534214,52.3927,25,5,15,0
FRN,132,AUF 24 +  ,0.006167488,0.002956518,0.3092976,1.835452,0.4534214,52.3927,25,5,15,0
FRN,134,AUF 24 +  ,0.006167488,0.002956518,0.3092976,1.835452,0.4534214,52.3927,25,5,15,0
FRN,136,AUF 24 +  ,0.006167488,0.002956518,0.3092976,1.835452,0.4534214,52.3927,25,5,15,0
FRN,138,AUF 24 +  ,0.006167488,0.002956518,0.3092976,1.835452,0.4534214,52.3927,25,5,15,0
FRN,140,AUF 24 +  ,0.006167488,0.002956518,0.3092976,1.835452,0.4534214,52.3927,25,5,15,0
FRN,142,AUF 24 +  ,0.006167488,0.002956518,0.3092976,1.835452,0.4534214,52.3927,25,5,15,0
FRN,144,AUF 24 +  ,0.006167488,0.002956518,0.3092976,1.835452,0.4534214,52.3927,25,5,15,0
FRN,146,AUF 24 +  ,0.006167488,0.002956518,0.3092976,1.835452,0.4534214,52.3927,25,5,15,0
FRN,148,AUF 24 +  ,0.006167488,0.002956518,0.3092976,1.835452,0.4534214,52.3927,25,5,15,0
FRN,150,AUF 24 +  ,0.006167488,0.002956518,0.3092976,1.835452,0.4534214,52.3927,25,5,15,0
FRN,152,AUF 24 +  ,0.006167488,0.002956518,0.3092976,1.835452,0.4534214,52.3927,25,5,15,0
FRN,154,AUF 24 +  ,0.006167488,0.002956518,0.3092976,1.835452,0.4534214,52.3927,25,5,15,0
FRN,156,AUF 24 +  ,0.006167488,0.002956518,0.3092976,1.835452,0.4534214,52.3927,25,5,15,0
FRN,158,AUF 24 +  ,0.006167488,0.002956518,0.3092976,1.835452,0.4534214,52.3927,25,5,15,0
FRN,160,AUF 24 +  ,0.006167488,0.002956518,0.3092976,1.835452,0.4534214,52.3927,25,5,15,0
FRP,10,Tous FD 10-22 ,0,0,0,0,0,60,1,39,0,0
FRP,12,Tous FD 10-22 ,0,0,0,0,0,78,1,21,0,0
FRP,14,Tous FD 10-22 ,0,0,0,0,0,80,1,15,4,0
FRP,16,Tous FD 10-22 ,0,0,0,0,0,80,1,12,7,0
FRP,18,Tous FD 10-22 ,0,0,0,0,0,80,1,10,9,0
FRP,20,Tous FD 10-22 ,0,0,0,0,0,80,1,9,10,0
FRP,22,Tous FD 10-22 ,0,0,0,0,0,80,1,9,10,0
FRP,24,AUF 24 +  ,0.369673,0.04070443,4.936518,32.87616,5.176368,29.60057,1,9,17,0
FRP,26,AUF 24 +  ,0.4783325,0.07069683,5.600336,32.87616,4.341733,28.63274,2,9,17,0
FRP,28,AUF 24 +  ,0.6112765,0.1194852,6.308047,32.87616,3.711318,28.37371,2,9,17,0
FRP,30,AUF 24 +  ,0.7687896,0.1957905,7.031725,28.12662,3.222135,31.65494,3,9,17,0
FRP,32,AUF 24 +  ,0.949098,0.3101482,7.742014,24.31018,2.83404,34.85452,3,9,17,0
FRP,34,AUF 24 +  ,1.146985,0.4734081,8.403649,21.16979,2.518266,37.2879,4,8,17,0
FRP,36,AUF 24 +  ,1.354757,0.6947109,8.988617,18.54342,2.256642,39.16185,4,8,17,0
FRP,38,AUF 24 +  ,1.56356,0.9790925,9.482936,16.33168,2.03816,39.60457,5,8,17,0
FRP,40,AUF 24 +  ,1.763038,1.324074,9.878349,14.45677,1.854267,41.7235,6,7,16,0
FRP,42,AUF 24 +  ,1.942219,1.717258,10.17186,12.85781,1.698311,42.61255,6,7,16,0
FRP,44,AUF 24 +  ,2.090512,2.135834,10.36454,11.48682,1.565104,42.35719,7,7,16,0
FRP,46,AUF 24 +  ,2.198048,2.547931,10.45705,10.30281,1.450153,42.04401,8,7,16,0
FRP,48,AUF 24 +  ,2.256828,2.916992,10.4502,9.272586,1.349802,42.75359,8,7,16,0
FRP,50,AUF 24 +  ,2.262335,3.208454,10.34811,8.372328,1.261518,44.54725,9,6,15,0
FRP,52,AUF 24 +  ,2.213528,3.394593,10.15509,7.582955,1.183317,44.47052,10,6,15,0
FRP,54,AUF 24 +  ,2.112961,3.458095,9.875205,6.888923,1.113626,44.55119,11,6,15,0
FRP,56,AUF 24 +  ,1.966041,3.392694,9.509418,6.275521,1.050871,44.80545,12,6,15,0
FRP,58,AUF 24 +  ,1.781893,3.205378,9.06191,5.732484,0.9940798,45.22425,13,6,15,0
FRP,60,AUF 24 +  ,1.572438,2.915309,8.540601,5.252964,0.9427915,46.7759,14,5,15,0
FRP,62,AUF 24 +  ,1.350323,2.549875,7.9533,4.830304,0.8965331,47.41967,15,5,15,0
FRP,64,AUF 24 +  ,1.127803,2.141616,7.308825,4.458266,0.8548445,48.10864,16,5,15,0
FRP,66,AUF 24 +  ,0.9156764,1.72437,6.618079,4.131147,0.817293,48.79343,17,5,15,0
FRP,68,AUF 24 +  ,0.7225197,1.329116,5.895661,3.844354,0.7835899,49.42476,18,5,15,0
FRP,70,AUF 24 +  ,0.5537024,0.9791179,5.156244,3.591897,0.7530826,49.96596,19,5,15,0
FRP,72,AUF 24 +  ,0.4117928,0.688368,4.416979,3.367761,0.7249998,50.3901,20,5,15,0
FRP,74,AUF 24 +  ,0.2970433,0.4614851,3.698592,3.167333,0.6987619,49.67678,22,5,15,0
FRP,76,AUF 24 +  ,0.2077516,0.2949167,3.022511,2.987026,0.6739329,49.81386,23,5,15,0
FRP,78,AUF 24 +  ,0.1409355,0.179767,2.409245,2.825727,0.6505816,49.79374,24,5,15,0
FRP,80,AUF 24 +  ,0.09279032,0.1046115,1.87321,2.682836,0.6288761,49.61768,25,5,15,0
FRP,82,AUF 24 +  ,0.05929476,0.0581392,1.420457,2.556381,0.6086397,50.29709,25,5,15,0
FRP,84,AUF 24 +  ,0.03677762,0.03086842,1.050719,2.444671,0.5897207,50.84724,25,5,15,0
FRP,86,AUF 24 +  ,0.02214214,0.01566081,0.7584731,2.346257,0.5719889,51.28548,25,5,15,0
FRP,88,AUF 24 +  ,0.01294047,0.007593603,0.5346158,2.259989,0.5553556,51.62951,25,5,15,0
FRP,90,AUF 24 +  ,0.007341806,0.003519452,0.3681893,2.184931,0.539755,51.89626,25,5,15,0
FRP,92,AUF 24 +  ,0.007019368,0.003364885,0.3520191,2.088973,0.5160499,52.03257,25,5,15,0
FRP,94,AUF 24 +  ,0.006717217,0.003220042,0.3368664,1.999053,0.4938365,52.16031,25,5,15,0
FRP,96,AUF 24 +  ,0.006433744,0.003084153,0.3226503,1.914691,0.4729961,52.28014,25,5,15,0
FRP,98,AUF 24 +  ,0.006167488,0.002956518,0.3092976,1.835452,0.4534214,52.3927,25,5,15,0
FRP,100,AUF 24 +  ,0.006167488,0.002956518,0.3092976,1.835452,0.4534214,52.3927,25,5,15,0
FRP,102,AUF 24 +  ,0.006167488,0.002956518,0.3092976,1.835452,0.4534214,52.3927,25,5,15,0
FRP,104,AUF 24 +  ,0.006167488,0.002956518,0.3092976,1.835452,0.4534214,52.3927,25,5,15,0
FRP,106,AUF 24 +  ,0.006167488,0.002956518,0.3092976,1.835452,0.4534214,52.3927,25,5,15,0
FRP,108,AUF 24 +  ,0.006167488,0.002956518,0.3092976,1.835452,0.4534214,52.3927,25,5,15,0
FRP,110,AUF 24 +  ,0.006167488,0.002956518,0.3092976,1.835452,0.4534214,52.3927,25,5,15,0
FRP,112,AUF 24 +  ,0.006167488,0.002956518,0.3092976,1.835452,0.4534214,52.3927,25,5,15,0
FRP,114,AUF 24 +  ,0.006167488,0.002956518,0.3092976,1.835452,0.4534214,52.3927,25,5,15,0
FRP,116,AUF 24 +  ,0.006167488,0.002956518,0.3092976,1.835452,0.4534214,52.3927,25,5,15,0
FRP,118,AUF 24 +  ,0.006167488,0.002956518,0.3092976,1.835452,0.4534214,52.3927,25,5,15,0
FRP,120,AUF 24 +  ,0.006167488,0.002956518,0.3092976,1.835452,0.4534214,52.3927,25,5,15,0
FRP,122,AUF 24 +  ,0.006167488,0.002956518,0.3092976,1.835452,0.4534214,52.3927,25,5,15,0
FRP,124,AUF 24 +  ,0.006167488,0.002956518,0.3092976,1.835452,0.4534214,52.3927,25,5,15,0
FRP,126,AUF 24 +  ,0.006167488,0.002956518,0.3092976,1.835452,0.4534214,52.3927,25,5,15,0
FRP,128,AUF 24 +  ,0.006167488,0.002956518,0.3092976,1.835452,0.4534214,52.3927,25,5,15,0
FRP,130,AUF 24 +  ,0.006167488,0.002956518,0.3092976,1.835452,0.4534214,52.3927,25,5,15,0
FRP,132,AUF 24 +  ,0.006167488,0.002956518,0.3092976,1.835452,0.4534214,52.3927,25,5,15,0
FRP,134,AUF 24 +  ,0.006167488,0.002956518,0.3092976,1.835452,0.4534214,52.3927,25,5,15,0
FRP,136,AUF 24 +  ,0.006167488,0.002956518,0.3092976,1.835452,0.4534214,52.3927,25,5,15,0
FRP,138,AUF 24 +  ,0.006167488,0.002956518,0.3092976,1.835452,0.4534214,52.3927,25,5,15,0
FRP,140,AUF 24 +  ,0.006167488,0.002956518,0.3092976,1.835452,0.4534214,52.3927,25,5,15,0
FRP,142,AUF 24 +  ,0.006167488,0.002956518,0.3092976,1.835452,0.4534214,52.3927,25,5,15,0
FRP,144,AUF 24 +  ,0.006167488,0.002956518,0.3092976,1.835452,0.4534214,52.3927,25,5,15,0
FRP,146,AUF 24 +  ,0.006167488,0.002956518,0.3092976,1.835452,0.4534214,52.3927,25,5,15,0
FRP,148,AUF 24 +  ,0.006167488,0.002956518,0.3092976,1.835452,0.4534214,52.3927,25,5,15,0
FRP,150,AUF 24 +  ,0.006167488,0.002956518,0.3092976,1.835452,0.4534214,52.3927,25,5,15,0
FRP,152,AUF 24 +  ,0.006167488,0.002956518,0.3092976,1.835452,0.4534214,52.3927,25,5,15,0
FRP,154,AUF 24 +  ,0.006167488,0.002956518,0.3092976,1.835452,0.4534214,52.3927,25,5,15,0
FRP,156,AUF 24 +  ,0.006167488,0.002956518,0.3092976,1.835452,0.4534214,52.3927,25,5,15,0
FRP,158,AUF 24 +  ,0.006167488,0.002956518,0.3092976,1.835452,0.4534214,52.3927,25,5,15,0
FRP,160,AUF 24 +  ,0.006167488,0.002956518,0.3092976,1.835452,0.4534214,52.3927,25,5,15,0
HEG,10,Tous FD 10-22 ,0,0,0,0,0,61,2,37,0,0
HEG,12,Tous FD 10-22 ,0,0,0,0,0,79,2,19,0,0
HEG,14,Tous FD 10-22 ,0,0,0,0,0,83,2,13,2,0
HEG,16,Tous FD 10-22 ,0,0,0,0,0,83,2,10,5,0
HEG,18,Tous FD 10-22 ,0,0,0,0,0,83,2,8,7,0
HEG,20,Tous FD 10-22 ,0,0,0,0,0,83,2,7,8,0
HEG,22,Tous FD 10-22 ,0,0,0,0,0,83,2,7,8,0
HEG,24,HEG 24 +  ,0,0,1.695218,17.97156,5.114373,52.21885,3,7,13,0
HEG,26,HEG 24 +  ,0,0,1.753926,15.73056,3.850889,54.66462,4,7,13,0
HEG,28,HEG 24 +  ,0,0,1.848854,14.03663,2.939182,56.17533,5,7,13,0
HEG,30,HEG 24 +  ,0,0,1.993564,12.82169,2.284989,56.89976,6,7,13,0
HEG,32,HEG 24 +  ,0,0,2.186456,11.92395,1.800715,58.08887,6,7,13,0
HEG,34,HEG 24 +  ,0,0,2.428466,11.24294,1.433396,60.8952,7,5,12,0
HEG,36,HEG 24 +  ,0,0.3133519,2.665854,10.4921,1.152524,61.37617,7,5,12,0
HEG,38,HEG 24 +  ,0,0.3128078,3.018562,10.11655,0.932691,61.61939,7,5,12,0
HEG,40,HEG 24 +  ,0,0.3155927,3.433577,9.818471,0.7580544,58.6743,8,6,13,0
HEG,42,HEG 24 +  ,0,0.3208495,3.910272,9.562512,0.6171391,58.58923,8,6,13,0
HEG,44,HEG 24 +  ,0,0.329273,4.464526,9.361973,0.5042946,58.33993,8,6,13,0
HEG,46,HEG 24 +  ,0,0.3423659,5.127754,9.248525,0.4153111,57.86604,8,6,13,0
HEG,48,HEG 24 +  ,0,0.3601696,5.91542,9.208454,0.3443961,57.17156,8,6,13,0
HEG,50,HEG 24 +  ,0,0.3820994,6.831084,9.213647,0.2867813,56.28639,8,6,13,0
HEG,52,HEG 24 +  ,0,0.3560686,6.365711,8.58596,0.2672442,57.42501,8,6,13,0
HEG,54,HEG 24 +  ,0,0.3334425,5.961206,8.040371,0.2502623,58.41472,8,6,13,0
HEG,56,HEG 24 +  ,0,0.3134986,5.604653,7.559459,0.2352936,59.28709,8,6,13,0
HEG,58,HEG 24 +  ,0,0.3134986,5.604653,7.559459,0.2352936,59.28709,8,6,13,0
HEG,60,HEG 24 +  ,0,0.3134986,5.604653,7.559459,0.2352936,60.28709,8,5,13,0
HEG,62,HEG 24 +  ,0,0.3134986,5.604653,7.559459,0.2352936,60.28709,8,5,13,0
HEG,64,HEG 24 +  ,0,0.3134986,5.604653,7.559459,0.2352936,60.28709,8,5,13,0
HEG,66,HEG 24 +  ,0,0.3134986,5.604653,7.559459,0.2352936,60.28709,8,5,13,0
HEG,68,HEG 24 +  ,0,0.3134986,5.604653,7.559459,0.2352936,60.28709,8,5,13,0
HEG,70,HEG 24 +  ,0,0.3134986,5.604653,7.559459,0.2352936,60.28709,8,5,13,0
HEG,72,HEG 24 +  ,0,0.3134986,5.604653,7.559459,0.2352936,60.28709,8,5,13,0
HEG,74,HEG 24 +  ,0,0.3134986,5.604653,7.559459,0.2352936,60.28709,8,5,13,0
HEG,76,HEG 24 +  ,0,0.3134986,5.604653,7.559459,0.2352936,60.28709,8,5,13,0
HEG,78,HEG 24 +  ,0,0.3134986,5.604653,7.559459,0.2352936,60.28709,8,5,13,0
HEG,80,HEG 24 +  ,0,0.3134986,5.604653,7.559459,0.2352936,60.28709,8,5,13,0
HEG,82,HEG 24 +  ,0,0.3134986,5.604653,7.559459,0.2352936,60.28709,8,5,13,0
HEG,84,HEG 24 +  ,0,0.3134986,5.604653,7.559459,0.2352936,60.28709,8,5,13,0
HEG,86,HEG 24 +  ,0,0.3134986,5.604653,7.559459,0.2352936,60.28709,8,5,13,0
HEG,88,HEG 24 +  ,0,0.3134986,5.604653,7.559459,0.2352936,60.28709,8,5,13,0
HEG,90,HEG 24 +  ,0,0.3134986,5.604653,7.559459,0.2352936,60.28709,8,5,13,0
HEG,92,HEG 24 +  ,0,0.3134986,5.604653,7.559459,0.2352936,60.28709,8,5,13,0
HEG,94,HEG 24 +  ,0,0.3134986,5.604653,7.559459,0.2352936,60.28709,8,5,13,0
HEG,96,HEG 24 +  ,0,0.3134986,5.604653,7.559459,0.2352936,60.28709,8,5,13,0
HEG,98,HEG 24 +  ,0,0.3134986,5.604653,7.559459,0.2352936,60.28709,8,5,13,0
HEG,100,HEG 24 +  ,0,0.3134986,5.604653,7.559459,0.2352936,60.28709,8,5,13,0
HEG,102,HEG 24 +  ,0,0.3134986,5.604653,7.559459,0.2352936,60.28709,8,5,13,0
HEG,104,HEG 24 +  ,0,0.3134986,5.604653,7.559459,0.2352936,60.28709,8,5,13,0
HEG,106,HEG 24 +  ,0,0.3134986,5.604653,7.559459,0.2352936,60.28709,8,5,13,0
HEG,108,HEG 24 +  ,0,0.3134986,5.604653,7.559459,0.2352936,60.28709,8,5,13,0
HEG,110,HEG 24 +  ,0,0.3134986,5.604653,7.559459,0.2352936,60.28709,8,5,13,0
HEG,112,HEG 24 +  ,0,0.3134986,5.604653,7.559459,0.2352936,60.28709,8,5,13,0
HEG,114,HEG 24 +  ,0,0.3134986,5.604653,7.559459,0.2352936,60.28709,8,5,13,0
HEG,116,HEG 24 +  ,0,0.3134986,5.604653,7.559459,0.2352936,60.28709,8,5,13,0
HEG,118,HEG 24 +  ,0,0.3134986,5.604653,7.559459,0.2352936,60.28709,8,5,13,0
HEG,120,HEG 24 +  ,0,0.3134986,5.604653,7.559459,0.2352936,60.28709,8,5,13,0
HEG,122,HEG 24 +  ,0,0.3134986,5.604653,7.559459,0.2352936,60.28709,8,5,13,0
HEG,124,HEG 24 +  ,0,0.3134986,5.604653,7.559459,0.2352936,60.28709,8,5,13,0
HEG,126,HEG 24 +  ,0,0.3134986,5.604653,7.559459,0.2352936,60.28709,8,5,13,0
HEG,128,HEG 24 +  ,0,0.3134986,5.604653,7.559459,0.2352936,60.28709,8,5,13,0
HEG,130,HEG 24 +  ,0,0.3134986,5.604653,7.559459,0.2352936,60.28709,8,5,13,0
HEG,132,HEG 24 +  ,0,0.3134986,5.604653,7.559459,0.2352936,60.28709,8,5,13,0
HEG,134,HEG 24 +  ,0,0.3134986,5.604653,7.559459,0.2352936,60.28709,8,5,13,0
HEG,136,HEG 24 +  ,0,0.3134986,5.604653,7.559459,0.2352936,60.28709,8,5,13,0
HEG,138,HEG 24 +  ,0,0.3134986,5.604653,7.559459,0.2352936,60.28709,8,5,13,0
HEG,140,HEG 24 +  ,0,0.3134986,5.604653,7.559459,0.2352936,60.28709,8,5,13,0
HEG,142,HEG 24 +  ,0,0.3134986,5.604653,7.559459,0.2352936,60.28709,8,5,13,0
HEG,144,HEG 24 +  ,0,0.3134986,5.604653,7.559459,0.2352936,60.28709,8,5,13,0
HEG,146,HEG 24 +  ,0,0.3134986,5.604653,7.559459,0.2352936,60.28709,8,5,13,0
HEG,148,HEG 24 +  ,0,0.3134986,5.604653,7.559459,0.2352936,60.28709,8,5,13,0
HEG,150,HEG 24 +  ,0,0.3134986,5.604653,7.559459,0.2352936,60.28709,8,5,13,0
HEG,152,HEG 24 +  ,0,0.3134986,5.604653,7.559459,0.2352936,60.28709,8,5,13,0
HEG,154,HEG 24 +  ,0,0.3134986,5.604653,7.559459,0.2352936,60.28709,8,5,13,0
HEG,156,HEG 24 +  ,0,0.3134986,5.604653,7.559459,0.2352936,60.28709,8,5,13,0
HEG,158,HEG 24 +  ,0,0.3134986,5.604653,7.559459,0.2352936,60.28709,8,5,13,0
HEG,160,HEG 24 +  ,0,0.3134986,5.604653,7.559459,0.2352936,60.28709,8,5,13,0
MEH,10,SEPM  ,0,0,0,0,0,67,4,29,0,0
MEH,12,SEPM  ,0,0,0,0,0,84,4,12,0,0
MEH,14,SEPM  ,0,0,0,20,0,69,4,7,0,0
MEH,16,SEPM  ,0,0,0,48,0,44,4,4,0,0
MEH,18,SEPM  ,0,0,0,64,0,29,4,3,0,0
MEH,20,SEPM  ,0,0,0,73,0,20,4,3,0,0
MEH,22,SEPM  ,0,0,0,80,0,14,4,2,0,0
MEH,24,SEPM  ,0,0,0,84,0,10,4,2,0,0
MEH,26,SEPM  ,0,0,0,86,0,8,4,2,0,0
MEH,28,SEPM  ,0,0,0,89,0,5,4,2,0,0
MEH,30,SEPM  ,0,0,0,90,0,4,4,2,0,0
MEH,32,SEPM  ,0,0,0,91,0,3,4,2,0,0
MEH,34,SEPM  ,0,0,0,93,0,2,4,1,0,0
MEH,36,SEPM  ,0,0,0,94,0,1,4,1,0,0
MEH,38,SEPM  ,0,0,0,94,0,1,4,1,0,0
MEH,40,SEPM  ,0,0,0,95,0,0,4,1,0,0
MEH,42,SEPM  ,0,0,0,95,0,0,4,1,0,0
MEH,44,SEPM  ,0,0,0,95,0,0,4,1,0,0
MEH,46,SEPM  ,0,0,0,95,0,0,4,1,0,0
MEH,48,SEPM  ,0,0,0,95,0,0,4,1,0,0
MEH,50,SEPM  ,0,0,0,95,0,0,4,1,0,0
MEH,52,SEPM  ,0,0,0,95,0,0,4,1,0,0
MEH,54,SEPM  ,0,0,0,95,0,0,4,1,0,0
MEH,56,SEPM  ,0,0,0,95,0,0,4,1,0,0
MEH,58,SEPM  ,0,0,0,95,0,0,4,1,0,0
MEH,60,SEPM  ,0,0,0,95,0,0,4,1,0,0
MEH,62,SEPM  ,0,0,0,95,0,0,4,1,0,0
MEH,64,SEPM  ,0,0,0,95,0,0,4,1,0,0
MEH,66,SEPM  ,0,0,0,95,0,0,4,1,0,0
MEH,68,SEPM  ,0,0,0,95,0,0,4,1,0,0
MEH,70,SEPM  ,0,0,0,95,0,0,4,1,0,0
MEH,72,SEPM  ,0,0,0,95,0,0,4,1,0,0
MEH,74,SEPM  ,0,0,0,95,0,0,4,1,0,0
MEH,76,SEPM  ,0,0,0,95,0,0,4,1,0,0
MEH,78,SEPM  ,0,0,0,95,0,0,4,1,0,0
MEH,80,SEPM  ,0,0,0,95,0,0,4,1,0,0
MEH,82,SEPM  ,0,0,0,95,0,0,4,1,0,0
MEH,84,SEPM  ,0,0,0,95,0,0,4,1,0,0
MEH,86,SEPM  ,0,0,0,95,0,0,4,1,0,0
MEH,88,SEPM  ,0,0,0,95,0,0,4,1,0,0
MEH,90,SEPM  ,0,0,0,95,0,0,4,1,0,0
MEH,92,SEPM  ,0,0,0,95,0,0,4,1,0,0
MEH,94,SEPM  ,0,0,0,95,0,0,4,1,0,0
MEH,96,SEPM  ,0,0,0,95,0,0,4,1,0,0
MEH,98,SEPM  ,0,0,0,95,0,0,4,1,0,0
MEH,100,SEPM  ,0,0,0,95,0,0,4,1,0,0
MEH,102,SEPM  ,0,0,0,95,0,0,4,1,0,0
MEH,104,SEPM  ,0,0,0,95,0,0,4,1,0,0
MEH,106,SEPM  ,0,0,0,95,0,0,4,1,0,0
MEH,108,SEPM  ,0,0,0,95,0,0,4,1,0,0
MEH,110,SEPM  ,0,0,0,95,0,0,4,1,0,0
MEH,112,SEPM  ,0,0,0,95,0,0,4,1,0,0
MEH,114,SEPM  ,0,0,0,95,0,0,4,1,0,0
MEH,116,SEPM  ,0,0,0,95,0,0,4,1,0,0
MEH,118,SEPM  ,0,0,0,95,0,0,4,1,0,0
MEH,120,SEPM  ,0,0,0,95,0,0,4,1,0,0
MEH,122,SEPM  ,0,0,0,95,0,0,4,1,0,0
MEH,124,SEPM  ,0,0,0,95,0,0,4,1,0,0
MEH,126,SEPM  ,0,0,0,95,0,0,4,1,0,0
MEH,128,SEPM  ,0,0,0,95,0,0,4,1,0,0
MEH,130,SEPM  ,0,0,0,95,0,0,4,1,0,0
MEH,132,SEPM  ,0,0,0,95,0,0,4,1,0,0
MEH,134,SEPM  ,0,0,0,95,0,0,4,1,0,0
MEH,136,SEPM  ,0,0,0,95,0,0,4,1,0,0
MEH,138,SEPM  ,0,0,0,95,0,0,4,1,0,0
MEH,140,SEPM  ,0,0,0,95,0,0,4,1,0,0
MEH,142,SEPM  ,0,0,0,95,0,0,4,1,0,0
MEH,144,SEPM  ,0,0,0,95,0,0,4,1,0,0
MEH,146,SEPM  ,0,0,0,95,0,0,4,1,0,0
MEH,148,SEPM  ,0,0,0,95,0,0,4,1,0,0
MEH,150,SEPM  ,0,0,0,95,0,0,4,1,0,0
MEH,152,SEPM  ,0,0,0,95,0,0,4,1,0,0
MEH,154,SEPM  ,0,0,0,95,0,0,4,1,0,0
MEH,156,SEPM  ,0,0,0,95,0,0,4,1,0,0
MEH,158,SEPM  ,0,0,0,95,0,0,4,1,0,0
MEH,160,SEPM  ,0,0,0,95,0,0,4,1,0,0
MEJ,10,SEPM  ,0,0,0,0,0,67,4,29,0,0
MEJ,12,SEPM  ,0,0,0,0,0,84,4,12,0,0
MEJ,14,SEPM  ,0,0,0,20,0,69,4,7,0,0
MEJ,16,SEPM  ,0,0,0,48,0,44,4,4,0,0
MEJ,18,SEPM  ,0,0,0,64,0,29,4,3,0,0
MEJ,20,SEPM  ,0,0,0,73,0,20,4,3,0,0
MEJ,22,SEPM  ,0,0,0,80,0,14,4,2,0,0
MEJ,24,SEPM  ,0,0,0,84,0,10,4,2,0,0
MEJ,26,SEPM  ,0,0,0,86,0,8,4,2,0,0
MEJ,28,SEPM  ,0,0,0,89,0,5,4,2,0,0
MEJ,30,SEPM  ,0,0,0,90,0,4,4,2,0,0
MEJ,32,SEPM  ,0,0,0,91,0,3,4,2,0,0
MEJ,34,SEPM  ,0,0,0,93,0,2,4,1,0,0
MEJ,36,SEPM  ,0,0,0,94,0,1,4,1,0,0
MEJ,38,SEPM  ,0,0,0,94,0,1,4,1,0,0
MEJ,40,SEPM  ,0,0,0,95,0,0,4,1,0,0
MEJ,42,SEPM  ,0,0,0,95,0,0,4,1,0,0
MEJ,44,SEPM  ,0,0,0,95,0,0,4,1,0,0
MEJ,46,SEPM  ,0,0,0,95,0,0,4,1,0,0
MEJ,48,SEPM  ,0,0,0,95,0,0,4,1,0,0
MEJ,50,SEPM  ,0,0,0,95,0,0,4,1,0,0
MEJ,52,SEPM  ,0,0,0,95,0,0,4,1,0,0
MEJ,54,SEPM  ,0,0,0,95,0,0,4,1,0,0
MEJ,56,SEPM  ,0,0,0,95,0,0,4,1,0,0
MEJ,58,SEPM  ,0,0,0,95,0,0,4,1,0,0
MEJ,60,SEPM  ,0,0,0,95,0,0,4,1,0,0
MEJ,62,SEPM  ,0,0,0,95,0,0,4,1,0,0
MEJ,64,SEPM  ,0,0,0,95,0,0,4,1,0,0
MEJ,66,SEPM  ,0,0,0,95,0,0,4,1,0,0
MEJ,68,SEPM  ,0,0,0,95,0,0,4,1,0,0
MEJ,70,SEPM  ,0,0,0,95,0,0,4,1,0,0
MEJ,72,SEPM  ,0,0,0,95,0,0,4,1,0,0
MEJ,74,SEPM  ,0,0,0,95,0,0,4,1,0,0
MEJ,76,SEPM  ,0,0,0,95,0,0,4,1,0,0
MEJ,78,SEPM  ,0,0,0,95,0,0,4,1,0,0
MEJ,80,SEPM  ,0,0,0,95,0,0,4,1,0,0
MEJ,82,SEPM  ,0,0,0,95,0,0,4,1,0,0
MEJ,84,SEPM  ,0,0,0,95,0,0,4,1,0,0
MEJ,86,SEPM  ,0,0,0,95,0,0,4,1,0,0
MEJ,88,SEPM  ,0,0,0,95,0,0,4,1,0,0
MEJ,90,SEPM  ,0,0,0,95,0,0,4,1,0,0
MEJ,92,SEPM  ,0,0,0,95,0,0,4,1,0,0
MEJ,94,SEPM  ,0,0,0,95,0,0,4,1,0,0
MEJ,96,SEPM  ,0,0,0,95,0,0,4,1,0,0
MEJ,98,SEPM  ,0,0,0,95,0,0,4,1,0,0
MEJ,100,SEPM  ,0,0,0,95,0,0,4,1,0,0
MEJ,102,SEPM  ,0,0,0,95,0,0,4,1,0,0
MEJ,104,SEPM  ,0,0,0,95,0,0,4,1,0,0
MEJ,106,SEPM  ,0,0,0,95,0,0,4,1,0,0
MEJ,108,SEPM  ,0,0,0,95,0,0,4,1,0,0
MEJ,110,SEPM  ,0,0,0,95,0,0,4,1,0,0
MEJ,112,SEPM  ,0,0,0,95,0,0,4,1,0,0
MEJ,114,SEPM  ,0,0,0,95,0,0,4,1,0,0
MEJ,116,SEPM  ,0,0,0,95,0,0,4,1,0,0
MEJ,118,SEPM  ,0,0,0,95,0,0,4,1,0,0
MEJ,120,SEPM  ,0,0,0,95,0,0,4,1,0,0
MEJ,122,SEPM  ,0,0,0,95,0,0,4,1,0,0
MEJ,124,SEPM  ,0,0,0,95,0,0,4,1,0,0
MEJ,126,SEPM  ,0,0,0,95,0,0,4,1,0,0
MEJ,128,SEPM  ,0,0,0,95,0,0,4,1,0,0
MEJ,130,SEPM  ,0,0,0,95,0,0,4,1,0,0
MEJ,132,SEPM  ,0,0,0,95,0,0,4,1,0,0
MEJ,134,SEPM  ,0,0,0,95,0,0,4,1,0,0
MEJ,136,SEPM  ,0,0,0,95,0,0,4,1,0,0
MEJ,138,SEPM  ,0,0,0,95,0,0,4,1,0,0
MEJ,140,SEPM  ,0,0,0,95,0,0,4,1,0,0
MEJ,142,SEPM  ,0,0,0,95,0,0,4,1,0,0
MEJ,144,SEPM  ,0,0,0,95,0,0,4,1,0,0
MEJ,146,SEPM  ,0,0,0,95,0,0,4,1,0,0
MEJ,148,SEPM  ,0,0,0,95,0,0,4,1,0,0
MEJ,150,SEPM  ,0,0,0,95,0,0,4,1,0,0
MEJ,152,SEPM  ,0,0,0,95,0,0,4,1,0,0
MEJ,154,SEPM  ,0,0,0,95,0,0,4,1,0,0
MEJ,156,SEPM  ,0,0,0,95,0,0,4,1,0,0
MEJ,158,SEPM  ,0,0,0,95,0,0,4,1,0,0
MEJ,160,SEPM  ,0,0,0,95,0,0,4,1,0,0
MEL,10,SEPM  ,0,0,0,0,0,67,4,29,0,0
MEL,12,SEPM  ,0,0,0,0,0,84,4,12,0,0
MEL,14,SEPM  ,0,0,0,20,0,69,4,7,0,0
MEL,16,SEPM  ,0,0,0,48,0,44,4,4,0,0
MEL,18,SEPM  ,0,0,0,64,0,29,4,3,0,0
MEL,20,SEPM  ,0,0,0,73,0,20,4,3,0,0
MEL,22,SEPM  ,0,0,0,80,0,14,4,2,0,0
MEL,24,SEPM  ,0,0,0,84,0,10,4,2,0,0
MEL,26,SEPM  ,0,0,0,86,0,8,4,2,0,0
MEL,28,SEPM  ,0,0,0,89,0,5,4,2,0,0
MEL,30,SEPM  ,0,0,0,90,0,4,4,2,0,0
MEL,32,SEPM  ,0,0,0,91,0,3,4,2,0,0
MEL,34,SEPM  ,0,0,0,93,0,2,4,1,0,0
MEL,36,SEPM  ,0,0,0,94,0,1,4,1,0,0
MEL,38,SEPM  ,0,0,0,94,0,1,4,1,0,0
MEL,40,SEPM  ,0,0,0,95,0,0,4,1,0,0
MEL,42,SEPM  ,0,0,0,95,0,0,4,1,0,0
MEL,44,SEPM  ,0,0,0,95,0,0,4,1,0,0
MEL,46,SEPM  ,0,0,0,95,0,0,4,1,0,0
MEL,48,SEPM  ,0,0,0,95,0,0,4,1,0,0
MEL,50,SEPM  ,0,0,0,95,0,0,4,1,0,0
MEL,52,SEPM  ,0,0,0,95,0,0,4,1,0,0
MEL,54,SEPM  ,0,0,0,95,0,0,4,1,0,0
MEL,56,SEPM  ,0,0,0,95,0,0,4,1,0,0
MEL,58,SEPM  ,0,0,0,95,0,0,4,1,0,0
MEL,60,SEPM  ,0,0,0,95,0,0,4,1,0,0
MEL,62,SEPM  ,0,0,0,95,0,0,4,1,0,0
MEL,64,SEPM  ,0,0,0,95,0,0,4,1,0,0
MEL,66,SEPM  ,0,0,0,95,0,0,4,1,0,0
MEL,68,SEPM  ,0,0,0,95,0,0,4,1,0,0
MEL,70,SEPM  ,0,0,0,95,0,0,4,1,0,0
MEL,72,SEPM  ,0,0,0,95,0,0,4,1,0,0
MEL,74,SEPM  ,0,0,0,95,0,0,4,1,0,0
MEL,76,SEPM  ,0,0,0,95,0,0,4,1,0,0
MEL,78,SEPM  ,0,0,0,95,0,0,4,1,0,0
MEL,80,SEPM  ,0,0,0,95,0,0,4,1,0,0
MEL,82,SEPM  ,0,0,0,95,0,0,4,1,0,0
MEL,84,SEPM  ,0,0,0,95,0,0,4,1,0,0
MEL,86,SEPM  ,0,0,0,95,0,0,4,1,0,0
MEL,88,SEPM  ,0,0,0,95,0,0,4,1,0,0
MEL,90,SEPM  ,0,0,0,95,0,0,4,1,0,0
MEL,92,SEPM  ,0,0,0,95,0,0,4,1,0,0
MEL,94,SEPM  ,0,0,0,95,0,0,4,1,0,0
MEL,96,SEPM  ,0,0,0,95,0,0,4,1,0,0
MEL,98,SEPM  ,0,0,0,95,0,0,4,1,0,0
MEL,100,SEPM  ,0,0,0,95,0,0,4,1,0,0
MEL,102,SEPM  ,0,0,0,95,0,0,4,1,0,0
MEL,104,SEPM  ,0,0,0,95,0,0,4,1,0,0
MEL,106,SEPM  ,0,0,0,95,0,0,4,1,0,0
MEL,108,SEPM  ,0,0,0,95,0,0,4,1,0,0
MEL,110,SEPM  ,0,0,0,95,0,0,4,1,0,0
MEL,112,SEPM  ,0,0,0,95,0,0,4,1,0,0
MEL,114,SEPM  ,0,0,0,95,0,0,4,1,0,0
MEL,116,SEPM  ,0,0,0,95,0,0,4,1,0,0
MEL,118,SEPM  ,0,0,0,95,0,0,4,1,0,0
MEL,120,SEPM  ,0,0,0,95,0,0,4,1,0,0
MEL,122,SEPM  ,0,0,0,95,0,0,4,1,0,0
MEL,124,SEPM  ,0,0,0,95,0,0,4,1,0,0
MEL,126,SEPM  ,0,0,0,95,0,0,4,1,0,0
MEL,128,SEPM  ,0,0,0,95,0,0,4,1,0,0
MEL,130,SEPM  ,0,0,0,95,0,0,4,1,0,0
MEL,132,SEPM  ,0,0,0,95,0,0,4,1,0,0
MEL,134,SEPM  ,0,0,0,95,0,0,4,1,0,0
MEL,136,SEPM  ,0,0,0,95,0,0,4,1,0,0
MEL,138,SEPM  ,0,0,0,95,0,0,4,1,0,0
MEL,140,SEPM  ,0,0,0,95,0,0,4,1,0,0
MEL,142,SEPM  ,0,0,0,95,0,0,4,1,0,0
MEL,144,SEPM  ,0,0,0,95,0,0,4,1,0,0
MEL,146,SEPM  ,0,0,0,95,0,0,4,1,0,0
MEL,148,SEPM  ,0,0,0,95,0,0,4,1,0,0
MEL,150,SEPM  ,0,0,0,95,0,0,4,1,0,0
MEL,152,SEPM  ,0,0,0,95,0,0,4,1,0,0
MEL,154,SEPM  ,0,0,0,95,0,0,4,1,0,0
MEL,156,SEPM  ,0,0,0,95,0,0,4,1,0,0
MEL,158,SEPM  ,0,0,0,95,0,0,4,1,0,0
MEL,160,SEPM  ,0,0,0,95,0,0,4,1,0,0
MEU,10,SEPM  ,0,0,0,0,0,67,4,29,0,0
MEU,12,SEPM  ,0,0,0,0,0,84,4,12,0,0
MEU,14,SEPM  ,0,0,0,20,0,69,4,7,0,0
MEU,16,SEPM  ,0,0,0,48,0,44,4,4,0,0
MEU,18,SEPM  ,0,0,0,64,0,29,4,3,0,0
MEU,20,SEPM  ,0,0,0,73,0,20,4,3,0,0
MEU,22,SEPM  ,0,0,0,80,0,14,4,2,0,0
MEU,24,SEPM  ,0,0,0,84,0,10,4,2,0,0
MEU,26,SEPM  ,0,0,0,86,0,8,4,2,0,0
MEU,28,SEPM  ,0,0,0,89,0,5,4,2,0,0
MEU,30,SEPM  ,0,0,0,90,0,4,4,2,0,0
MEU,32,SEPM  ,0,0,0,91,0,3,4,2,0,0
MEU,34,SEPM  ,0,0,0,93,0,2,4,1,0,0
MEU,36,SEPM  ,0,0,0,94,0,1,4,1,0,0
MEU,38,SEPM  ,0,0,0,94,0,1,4,1,0,0
MEU,40,SEPM  ,0,0,0,95,0,0,4,1,0,0
MEU,42,SEPM  ,0,0,0,95,0,0,4,1,0,0
MEU,44,SEPM  ,0,0,0,95,0,0,4,1,0,0
MEU,46,SEPM  ,0,0,0,95,0,0,4,1,0,0
MEU,48,SEPM  ,0,0,0,95,0,0,4,1,0,0
MEU,50,SEPM  ,0,0,0,95,0,0,4,1,0,0
MEU,52,SEPM  ,0,0,0,95,0,0,4,1,0,0
MEU,54,SEPM  ,0,0,0,95,0,0,4,1,0,0
MEU,56,SEPM  ,0,0,0,95,0,0,4,1,0,0
MEU,58,SEPM  ,0,0,0,95,0,0,4,1,0,0
MEU,60,SEPM  ,0,0,0,95,0,0,4,1,0,0
MEU,62,SEPM  ,0,0,0,95,0,0,4,1,0,0
MEU,64,SEPM  ,0,0,0,95,0,0,4,1,0,0
MEU,66,SEPM  ,0,0,0,95,0,0,4,1,0,0
MEU,68,SEPM  ,0,0,0,95,0,0,4,1,0,0
MEU,70,SEPM  ,0,0,0,95,0,0,4,1,0,0
MEU,72,SEPM  ,0,0,0,95,0,0,4,1,0,0
MEU,74,SEPM  ,0,0,0,95,0,0,4,1,0,0
MEU,76,SEPM  ,0,0,0,95,0,0,4,1,0,0
MEU,78,SEPM  ,0,0,0,95,0,0,4,1,0,0
MEU,80,SEPM  ,0,0,0,95,0,0,4,1,0,0
MEU,82,SEPM  ,0,0,0,95,0,0,4,1,0,0
MEU,84,SEPM  ,0,0,0,95,0,0,4,1,0,0
MEU,86,SEPM  ,0,0,0,95,0,0,4,1,0,0
MEU,88,SEPM  ,0,0,0,95,0,0,4,1,0,0
MEU,90,SEPM  ,0,0,0,95,0,0,4,1,0,0
MEU,92,SEPM  ,0,0,0,95,0,0,4,1,0,0
MEU,94,SEPM  ,0,0,0,95,0,0,4,1,0,0
MEU,96,SEPM  ,0,0,0,95,0,0,4,1,0,0
MEU,98,SEPM  ,0,0,0,95,0,0,4,1,0,0
MEU,100,SEPM  ,0,0,0,95,0,0,4,1,0,0
MEU,102,SEPM  ,0,0,0,95,0,0,4,1,0,0
MEU,104,SEPM  ,0,0,0,95,0,0,4,1,0,0
MEU,106,SEPM  ,0,0,0,95,0,0,4,1,0,0
MEU,108,SEPM  ,0,0,0,95,0,0,4,1,0,0
MEU,110,SEPM  ,0,0,0,95,0,0,4,1,0,0
MEU,112,SEPM  ,0,0,0,95,0,0,4,1,0,0
MEU,114,SEPM  ,0,0,0,95,0,0,4,1,0,0
MEU,116,SEPM  ,0,0,0,95,0,0,4,1,0,0
MEU,118,SEPM  ,0,0,0,95,0,0,4,1,0,0
MEU,120,SEPM  ,0,0,0,95,0,0,4,1,0,0
MEU,122,SEPM  ,0,0,0,95,0,0,4,1,0,0
MEU,124,SEPM  ,0,0,0,95,0,0,4,1,0,0
MEU,126,SEPM  ,0,0,0,95,0,0,4,1,0,0
MEU,128,SEPM  ,0,0,0,95,0,0,4,1,0,0
MEU,130,SEPM  ,0,0,0,95,0,0,4,1,0,0
MEU,132,SEPM  ,0,0,0,95,0,0,4,1,0,0
MEU,134,SEPM  ,0,0,0,95,0,0,4,1,0,0
MEU,136,SEPM  ,0,0,0,95,0,0,4,1,0,0
MEU,138,SEPM  ,0,0,0,95,0,0,4,1,0,0
MEU,140,SEPM  ,0,0,0,95,0,0,4,1,0,0
MEU,142,SEPM  ,0,0,0,95,0,0,4,1,0,0
MEU,144,SEPM  ,0,0,0,95,0,0,4,1,0,0
MEU,146,SEPM  ,0,0,0,95,0,0,4,1,0,0
MEU,148,SEPM  ,0,0,0,95,0,0,4,1,0,0
MEU,150,SEPM  ,0,0,0,95,0,0,4,1,0,0
MEU,152,SEPM  ,0,0,0,95,0,0,4,1,0,0
MEU,154,SEPM  ,0,0,0,95,0,0,4,1,0,0
MEU,156,SEPM  ,0,0,0,95,0,0,4,1,0,0
MEU,158,SEPM  ,0,0,0,95,0,0,4,1,0,0
MEU,160,SEPM  ,0,0,0,95,0,0,4,1,0,0
NOC,10,Tous FD 10-22 ,0,0,0,0,0,60,1,39,0,0
NOC,12,Tous FD 10-22 ,0,0,0,0,0,78,1,21,0,0
NOC,14,Tous FD 10-22 ,0,0,0,0,0,80,1,15,4,0
NOC,16,Tous FD 10-22 ,0,0,0,0,0,80,1,12,7,0
NOC,18,Tous FD 10-22 ,0,0,0,0,0,80,1,10,9,0
NOC,20,Tous FD 10-22 ,0,0,0,0,0,80,1,9,10,0
NOC,22,Tous FD 10-22 ,0,0,0,0,0,80,1,9,10,0
NOC,24,AUF 24 +  ,0.369673,0.04070443,4.936518,32.87616,5.176368,29.60057,1,9,17,0
NOC,26,AUF 24 +  ,0.4783325,0.07069683,5.600336,32.87616,4.341733,28.63274,2,9,17,0
NOC,28,AUF 24 +  ,0.6112765,0.1194852,6.308047,32.87616,3.711318,28.37371,2,9,17,0
NOC,30,AUF 24 +  ,0.7687896,0.1957905,7.031725,28.12662,3.222135,31.65494,3,9,17,0
NOC,32,AUF 24 +  ,0.949098,0.3101482,7.742014,24.31018,2.83404,34.85452,3,9,17,0
NOC,34,AUF 24 +  ,1.146985,0.4734081,8.403649,21.16979,2.518266,37.2879,4,8,17,0
NOC,36,AUF 24 +  ,1.354757,0.6947109,8.988617,18.54342,2.256642,39.16185,4,8,17,0
NOC,38,AUF 24 +  ,1.56356,0.9790925,9.482936,16.33168,2.03816,39.60457,5,8,17,0
NOC,40,AUF 24 +  ,1.763038,1.324074,9.878349,14.45677,1.854267,41.7235,6,7,16,0
NOC,42,AUF 24 +  ,1.942219,1.717258,10.17186,12.85781,1.698311,42.61255,6,7,16,0
NOC,44,AUF 24 +  ,2.090512,2.135834,10.36454,11.48682,1.565104,42.35719,7,7,16,0
NOC,46,AUF 24 +  ,2.198048,2.547931,10.45705,10.30281,1.450153,42.04401,8,7,16,0
NOC,48,AUF 24 +  ,2.256828,2.916992,10.4502,9.272586,1.349802,42.75359,8,7,16,0
NOC,50,AUF 24 +  ,2.262335,3.208454,10.34811,8.372328,1.261518,44.54725,9,6,15,0
NOC,52,AUF 24 +  ,2.213528,3.394593,10.15509,7.582955,1.183317,44.47052,10,6,15,0
NOC,54,AUF 24 +  ,2.112961,3.458095,9.875205,6.888923,1.113626,44.55119,11,6,15,0
NOC,56,AUF 24 +  ,1.966041,3.392694,9.509418,6.275521,1.050871,44.80545,12,6,15,0
NOC,58,AUF 24 +  ,1.781893,3.205378,9.06191,5.732484,0.9940798,45.22425,13,6,15,0
NOC,60,AUF 24 +  ,1.572438,2.915309,8.540601,5.252964,0.9427915,46.7759,14,5,15,0
NOC,62,AUF 24 +  ,1.350323,2.549875,7.9533,4.830304,0.8965331,47.41967,15,5,15,0
NOC,64,AUF 24 +  ,1.127803,2.141616,7.308825,4.458266,0.8548445,48.10864,16,5,15,0
NOC,66,AUF 24 +  ,0.9156764,1.72437,6.618079,4.131147,0.817293,48.79343,17,5,15,0
NOC,68,AUF 24 +  ,0.7225197,1.329116,5.895661,3.844354,0.7835899,49.42476,18,5,15,0
NOC,70,AUF 24 +  ,0.5537024,0.9791179,5.156244,3.591897,0.7530826,49.96596,19,5,15,0
NOC,72,AUF 24 +  ,0.4117928,0.688368,4.416979,3.367761,0.7249998,50.3901,20,5,15,0
NOC,74,AUF 24 +  ,0.2970433,0.4614851,3.698592,3.167333,0.6987619,49.67678,22,5,15,0
NOC,76,AUF 24 +  ,0.2077516,0.2949167,3.022511,2.987026,0.6739329,49.81386,23,5,15,0
NOC,78,AUF 24 +  ,0.1409355,0.179767,2.409245,2.825727,0.6505816,49.79374,24,5,15,0
NOC,80,AUF 24 +  ,0.09279032,0.1046115,1.87321,2.682836,0.6288761,49.61768,25,5,15,0
NOC,82,AUF 24 +  ,0.05929476,0.0581392,1.420457,2.556381,0.6086397,50.29709,25,5,15,0
NOC,84,AUF 24 +  ,0.03677762,0.03086842,1.050719,2.444671,0.5897207,50.84724,25,5,15,0
NOC,86,AUF 24 +  ,0.02214214,0.01566081,0.7584731,2.346257,0.5719889,51.28548,25,5,15,0
NOC,88,AUF 24 +  ,0.01294047,0.007593603,0.5346158,2.259989,0.5553556,51.62951,25,5,15,0
NOC,90,AUF 24 +  ,0.007341806,0.003519452,0.3681893,2.184931,0.539755,51.89626,25,5,15,0
NOC,92,AUF 24 +  ,0.007019368,0.003364885,0.3520191,2.088973,0.5160499,52.03257,25,5,15,0
NOC,94,AUF 24 +  ,0.006717217,0.003220042,0.3368664,1.999053,0.4938365,52.16031,25,5,15,0
NOC,96,AUF 24 +  ,0.006433744,0.003084153,0.3226503,1.914691,0.4729961,52.28014,25,5,15,0
NOC,98,AUF 24 +  ,0.006167488,0.002956518,0.3092976,1.835452,0.4534214,52.3927,25,5,15,0
NOC,100,AUF 24 +  ,0.006167488,0.002956518,0.3092976,1.835452,0.4534214,52.3927,25,5,15,0
NOC,102,AUF 24 +  ,0.006167488,0.002956518,0.3092976,1.835452,0.4534214,52.3927,25,5,15,0
NOC,104,AUF 24 +  ,0.006167488,0.002956518,0.3092976,1.835452,0.4534214,52.3927,25,5,15,0
NOC,106,AUF 24 +  ,0.006167488,0.002956518,0.3092976,1.835452,0.4534214,52.3927,25,5,15,0
NOC,108,AUF 24 +  ,0.006167488,0.002956518,0.3092976,1.835452,0.4534214,52.3927,25,5,15,0
NOC,110,AUF 24 +  ,0.006167488,0.002956518,0.3092976,1.835452,0.4534214,52.3927,25,5,15,0
NOC,112,AUF 24 +  ,0.006167488,0.002956518,0.3092976,1.835452,0.4534214,52.3927,25,5,15,0
NOC,114,AUF 24 +  ,0.006167488,0.002956518,0.3092976,1.835452,0.4534214,52.3927,25,5,15,0
NOC,116,AUF 24 +  ,0.006167488,0.002956518,0.3092976,1.835452,0.4534214,52.3927,25,5,15,0
NOC,118,AUF 24 +  ,0.006167488,0.002956518,0.3092976,1.835452,0.4534214,52.3927,25,5,15,0
NOC,120,AUF 24 +  ,0.006167488,0.002956518,0.3092976,1.835452,0.4534214,52.3927,25,5,15,0
NOC,122,AUF 24 +  ,0.006167488,0.002956518,0.3092976,1.835452,0.4534214,52.3927,25,5,15,0
NOC,124,AUF 24 +  ,0.006167488,0.002956518,0.3092976,1.835452,0.4534214,52.3927,25,5,15,0
NOC,126,AUF 24 +  ,0.006167488,0.002956518,0.3092976,1.835452,0.4534214,52.3927,25,5,15,0
NOC,128,AUF 24 +  ,0.006167488,0.002956518,0.3092976,1.835452,0.4534214,52.3927,25,5,15,0
NOC,130,AUF 24 +  ,0.006167488,0.002956518,0.3092976,1.835452,0.4534214,52.3927,25,5,15,0
NOC,132,AUF 24 +  ,0.006167488,0.002956518,0.3092976,1.835452,0.4534214,52.3927,25,5,15,0
NOC,134,AUF 24 +  ,0.006167488,0.002956518,0.3092976,1.835452,0.4534214,52.3927,25,5,15,0
NOC,136,AUF 24 +  ,0.006167488,0.002956518,0.3092976,1.835452,0.4534214,52.3927,25,5,15,0
NOC,138,AUF 24 +  ,0.006167488,0.002956518,0.3092976,1.835452,0.4534214,52.3927,25,5,15,0
NOC,140,AUF 24 +  ,0.006167488,0.002956518,0.3092976,1.835452,0.4534214,52.3927,25,5,15,0
NOC,142,AUF 24 +  ,0.006167488,0.002956518,0.3092976,1.835452,0.4534214,52.3927,25,5,15,0
NOC,144,AUF 24 +  ,0.006167488,0.002956518,0.3092976,1.835452,0.4534214,52.3927,25,5,15,0
NOC,146,AUF 24 +  ,0.006167488,0.002956518,0.3092976,1.835452,0.4534214,52.3927,25,5,15,0
NOC,148,AUF 24 +  ,0.006167488,0.002956518,0.3092976,1.835452,0.4534214,52.3927,25,5,15,0
NOC,150,AUF 24 +  ,0.006167488,0.002956518,0.3092976,1.835452,0.4534214,52.3927,25,5,15,0
NOC,152,AUF 24 +  ,0.006167488,0.002956518,0.3092976,1.835452,0.4534214,52.3927,25,5,15,0
NOC,154,AUF 24 +  ,0.006167488,0.002956518,0.3092976,1.835452,0.4534214,52.3927,25,5,15,0
NOC,156,AUF 24 +  ,0.006167488,0.002956518,0.3092976,1.835452,0.4534214,52.3927,25,5,15,0
NOC,158,AUF 24 +  ,0.006167488,0.002956518,0.3092976,1.835452,0.4534214,52.3927,25,5,15,0
NOC,160,AUF 24 +  ,0.006167488,0.002956518,0.3092976,1.835452,0.4534214,52.3927,25,5,15,0
ORA,10,Tous FD 10-22 ,0,0,0,0,0,60,1,39,0,0
ORA,12,Tous FD 10-22 ,0,0,0,0,0,78,1,21,0,0
ORA,14,Tous FD 10-22 ,0,0,0,0,0,80,1,15,4,0
ORA,16,Tous FD 10-22 ,0,0,0,0,0,80,1,12,7,0
ORA,18,Tous FD 10-22 ,0,0,0,0,0,80,1,10,9,0
ORA,20,Tous FD 10-22 ,0,0,0,0,0,80,1,9,10,0
ORA,22,Tous FD 10-22 ,0,0,0,0,0,80,1,9,10,0
ORA,24,AUF 24 +  ,0.369673,0.04070443,4.936518,32.87616,5.176368,29.60057,1,9,17,0
ORA,26,AUF 24 +  ,0.4783325,0.07069683,5.600336,32.87616,4.341733,28.63274,2,9,17,0
ORA,28,AUF 24 +  ,0.6112765,0.1194852,6.308047,32.87616,3.711318,28.37371,2,9,17,0
ORA,30,AUF 24 +  ,0.7687896,0.1957905,7.031725,28.12662,3.222135,31.65494,3,9,17,0
ORA,32,AUF 24 +  ,0.949098,0.3101482,7.742014,24.31018,2.83404,34.85452,3,9,17,0
ORA,34,AUF 24 +  ,1.146985,0.4734081,8.403649,21.16979,2.518266,37.2879,4,8,17,0
ORA,36,AUF 24 +  ,1.354757,0.6947109,8.988617,18.54342,2.256642,39.16185,4,8,17,0
ORA,38,AUF 24 +  ,1.56356,0.9790925,9.482936,16.33168,2.03816,39.60457,5,8,17,0
ORA,40,AUF 24 +  ,1.763038,1.324074,9.878349,14.45677,1.854267,41.7235,6,7,16,0
ORA,42,AUF 24 +  ,1.942219,1.717258,10.17186,12.85781,1.698311,42.61255,6,7,16,0
ORA,44,AUF 24 +  ,2.090512,2.135834,10.36454,11.48682,1.565104,42.35719,7,7,16,0
ORA,46,AUF 24 +  ,2.198048,2.547931,10.45705,10.30281,1.450153,42.04401,8,7,16,0
ORA,48,AUF 24 +  ,2.256828,2.916992,10.4502,9.272586,1.349802,42.75359,8,7,16,0
ORA,50,AUF 24 +  ,2.262335,3.208454,10.34811,8.372328,1.261518,44.54725,9,6,15,0
ORA,52,AUF 24 +  ,2.213528,3.394593,10.15509,7.582955,1.183317,44.47052,10,6,15,0
ORA,54,AUF 24 +  ,2.112961,3.458095,9.875205,6.888923,1.113626,44.55119,11,6,15,0
ORA,56,AUF 24 +  ,1.966041,3.392694,9.509418,6.275521,1.050871,44.80545,12,6,15,0
ORA,58,AUF 24 +  ,1.781893,3.205378,9.06191,5.732484,0.9940798,45.22425,13,6,15,0
ORA,60,AUF 24 +  ,1.572438,2.915309,8.540601,5.252964,0.9427915,46.7759,14,5,15,0
ORA,62,AUF 24 +  ,1.350323,2.549875,7.9533,4.830304,0.8965331,47.41967,15,5,15,0
ORA,64,AUF 24 +  ,1.127803,2.141616,7.308825,4.458266,0.8548445,48.10864,16,5,15,0
ORA,66,AUF 24 +  ,0.9156764,1.72437,6.618079,4.131147,0.817293,48.79343,17,5,15,0
ORA,68,AUF 24 +  ,0.7225197,1.329116,5.895661,3.844354,0.7835899,49.42476,18,5,15,0
ORA,70,AUF 24 +  ,0.5537024,0.9791179,5.156244,3.591897,0.7530826,49.96596,19,5,15,0
ORA,72,AUF 24 +  ,0.4117928,0.688368,4.416979,3.367761,0.7249998,50.3901,20,5,15,0
ORA,74,AUF 24 +  ,0.2970433,0.4614851,3.698592,3.167333,0.6987619,49.67678,22,5,15,0
ORA,76,AUF 24 +  ,0.2077516,0.2949167,3.022511,2.987026,0.6739329,49.81386,23,5,15,0
ORA,78,AUF 24 +  ,0.1409355,0.179767,2.409245,2.825727,0.6505816,49.79374,24,5,15,0
ORA,80,AUF 24 +  ,0.09279032,0.1046115,1.87321,2.682836,0.6288761,49.61768,25,5,15,0
ORA,82,AUF 24 +  ,0.05929476,0.0581392,1.420457,2.556381,0.6086397,50.29709,25,5,15,0
ORA,84,AUF 24 +  ,0.03677762,0.03086842,1.050719,2.444671,0.5897207,50.84724,25,5,15,0
ORA,86,AUF 24 +  ,0.02214214,0.01566081,0.7584731,2.346257,0.5719889,51.28548,25,5,15,0
ORA,88,AUF 24 +  ,0.01294047,0.007593603,0.5346158,2.259989,0.5553556,51.62951,25,5,15,0
ORA,90,AUF 24 +  ,0.007341806,0.003519452,0.3681893,2.184931,0.539755,51.89626,25,5,15,0
ORA,92,AUF 24 +  ,0.007019368,0.003364885,0.3520191,2.088973,0.5160499,52.03257,25,5,15,0
ORA,94,AUF 24 +  ,0.006717217,0.003220042,0.3368664,1.999053,0.4938365,52.16031,25,5,15,0
ORA,96,AUF 24 +  ,0.006433744,0.003084153,0.3226503,1.914691,0.4729961,52.28014,25,5,15,0
ORA,98,AUF 24 +  ,0.006167488,0.002956518,0.3092976,1.835452,0.4534214,52.3927,25,5,15,0
ORA,100,AUF 24 +  ,0.006167488,0.002956518,0.3092976,1.835452,0.4534214,52.3927,25,5,15,0
ORA,102,AUF 24 +  ,0.006167488,0.002956518,0.3092976,1.835452,0.4534214,52.3927,25,5,15,0
ORA,104,AUF 24 +  ,0.006167488,0.002956518,0.3092976,1.835452,0.4534214,52.3927,25,5,15,0
ORA,106,AUF 24 +  ,0.006167488,0.002956518,0.3092976,1.835452,0.4534214,52.3927,25,5,15,0
ORA,108,AUF 24 +  ,0.006167488,0.002956518,0.3092976,1.835452,0.4534214,52.3927,25,5,15,0
ORA,110,AUF 24 +  ,0.006167488,0.002956518,0.3092976,1.835452,0.4534214,52.3927,25,5,15,0
ORA,112,AUF 24 +  ,0.006167488,0.002956518,0.3092976,1.835452,0.4534214,52.3927,25,5,15,0
ORA,114,AUF 24 +  ,0.006167488,0.002956518,0.3092976,1.835452,0.4534214,52.3927,25,5,15,0
ORA,116,AUF 24 +  ,0.006167488,0.002956518,0.3092976,1.835452,0.4534214,52.3927,25,5,15,0
ORA,118,AUF 24 +  ,0.006167488,0.002956518,0.3092976,1.835452,0.4534214,52.3927,25,5,15,0
ORA,120,AUF 24 +  ,0.006167488,0.002956518,0.3092976,1.835452,0.4534214,52.3927,25,5,15,0
ORA,122,AUF 24 +  ,0.006167488,0.002956518,0.3092976,1.835452,0.4534214,52.3927,25,5,15,0
ORA,124,AUF 24 +  ,0.006167488,0.002956518,0.3092976,1.835452,0.4534214,52.3927,25,5,15,0
ORA,126,AUF 24 +  ,0.006167488,0.002956518,0.3092976,1.835452,0.4534214,52.3927,25,5,15,0
ORA,128,AUF 24 +  ,0.006167488,0.002956518,0.3092976,1.835452,0.4534214,52.3927,25,5,15,0
ORA,130,AUF 24 +  ,0.006167488,0.002956518,0.3092976,1.835452,0.4534214,52.3927,25,5,15,0
ORA,132,AUF 24 +  ,0.006167488,0.002956518,0.3092976,1.835452,0.4534214,52.3927,25,5,15,0
ORA,134,AUF 24 +  ,0.006167488,0.002956518,0.3092976,1.835452,0.4534214,52.3927,25,5,15,0
ORA,136,AUF 24 +  ,0.006167488,0.002956518,0.3092976,1.835452,0.4534214,52.3927,25,5,15,0
ORA,138,AUF 24 +  ,0.006167488,0.002956518,0.3092976,1.835452,0.4534214,52.3927,25,5,15,0
ORA,140,AUF 24 +  ,0.006167488,0.002956518,0.3092976,1.835452,0.4534214,52.3927,25,5,15,0
ORA,142,AUF 24 +  ,0.006167488,0.002956518,0.3092976,1.835452,0.4534214,52.3927,25,5,15,0
ORA,144,AUF 24 +  ,0.006167488,0.002956518,0.3092976,1.835452,0.4534214,52.3927,25,5,15,0
ORA,146,AUF 24 +  ,0.006167488,0.002956518,0.3092976,1.835452,0.4534214,52.3927,25,5,15,0
ORA,148,AUF 24 +  ,0.006167488,0.002956518,0.3092976,1.835452,0.4534214,52.3927,25,5,15,0
ORA,150,AUF 24 +  ,0.006167488,0.002956518,0.3092976,1.835452,0.4534214,52.3927,25,5,15,0
ORA,152,AUF 24 +  ,0.006167488,0.002956518,0.3092976,1.835452,0.4534214,52.3927,25,5,15,0
ORA,154,AUF 24 +  ,0.006167488,0.002956518,0.3092976,1.835452,0.4534214,52.3927,25,5,15,0
ORA,156,AUF 24 +  ,0.006167488,0.002956518,0.3092976,1.835452,0.4534214,52.3927,25,5,15,0
ORA,158,AUF 24 +  ,0.006167488,0.002956518,0.3092976,1.835452,0.4534214,52.3927,25,5,15,0
ORA,160,AUF 24 +  ,0.006167488,0.002956518,0.3092976,1.835452,0.4534214,52.3927,25,5,15,0
ORR,10,Tous FD 10-22 ,0,0,0,0,0,60,1,39,0,0
ORR,12,Tous FD 10-22 ,0,0,0,0,0,78,1,21,0,0
ORR,14,Tous FD 10-22 ,0,0,0,0,0,80,1,15,4,0
ORR,16,Tous FD 10-22 ,0,0,0,0,0,80,1,12,7,0
ORR,18,Tous FD 10-22 ,0,0,0,0,0,80,1,10,9,0
ORR,20,Tous FD 10-22 ,0,0,0,0,0,80,1,9,10,0
ORR,22,Tous FD 10-22 ,0,0,0,0,0,80,1,9,10,0
ORR,24,AUF 24 +  ,0.369673,0.04070443,4.936518,32.87616,5.176368,29.60057,1,9,17,0
ORR,26,AUF 24 +  ,0.4783325,0.07069683,5.600336,32.87616,4.341733,28.63274,2,9,17,0
ORR,28,AUF 24 +  ,0.6112765,0.1194852,6.308047,32.87616,3.711318,28.37371,2,9,17,0
ORR,30,AUF 24 +  ,0.7687896,0.1957905,7.031725,28.12662,3.222135,31.65494,3,9,17,0
ORR,32,AUF 24 +  ,0.949098,0.3101482,7.742014,24.31018,2.83404,34.85452,3,9,17,0
ORR,34,AUF 24 +  ,1.146985,0.4734081,8.403649,21.16979,2.518266,37.2879,4,8,17,0
ORR,36,AUF 24 +  ,1.354757,0.6947109,8.988617,18.54342,2.256642,39.16185,4,8,17,0
ORR,38,AUF 24 +  ,1.56356,0.9790925,9.482936,16.33168,2.03816,39.60457,5,8,17,0
ORR,40,AUF 24 +  ,1.763038,1.324074,9.878349,14.45677,1.854267,41.7235,6,7,16,0
ORR,42,AUF 24 +  ,1.942219,1.717258,10.17186,12.85781,1.698311,42.61255,6,7,16,0
ORR,44,AUF 24 +  ,2.090512,2.135834,10.36454,11.48682,1.565104,42.35719,7,7,16,0
ORR,46,AUF 24 +  ,2.198048,2.547931,10.45705,10.30281,1.450153,42.04401,8,7,16,0
ORR,48,AUF 24 +  ,2.256828,2.916992,10.4502,9.272586,1.349802,42.75359,8,7,16,0
ORR,50,AUF 24 +  ,2.262335,3.208454,10.34811,8.372328,1.261518,44.54725,9,6,15,0
ORR,52,AUF 24 +  ,2.213528,3.394593,10.15509,7.582955,1.183317,44.47052,10,6,15,0
ORR,54,AUF 24 +  ,2.112961,3.458095,9.875205,6.888923,1.113626,44.55119,11,6,15,0
ORR,56,AUF 24 +  ,1.966041,3.392694,9.509418,6.275521,1.050871,44.80545,12,6,15,0
ORR,58,AUF 24 +  ,1.781893,3.205378,9.06191,5.732484,0.9940798,45.22425,13,6,15,0
ORR,60,AUF 24 +  ,1.572438,2.915309,8.540601,5.252964,0.9427915,46.7759,14,5,15,0
ORR,62,AUF 24 +  ,1.350323,2.549875,7.9533,4.830304,0.8965331,47.41967,15,5,15,0
ORR,64,AUF 24 +  ,1.127803,2.141616,7.308825,4.458266,0.8548445,48.10864,16,5,15,0
ORR,66,AUF 24 +  ,0.9156764,1.72437,6.618079,4.131147,0.817293,48.79343,17,5,15,0
ORR,68,AUF 24 +  ,0.7225197,1.329116,5.895661,3.844354,0.7835899,49.42476,18,5,15,0
ORR,70,AUF 24 +  ,0.5537024,0.9791179,5.156244,3.591897,0.7530826,49.96596,19,5,15,0
ORR,72,AUF 24 +  ,0.4117928,0.688368,4.416979,3.367761,0.7249998,50.3901,20,5,15,0
ORR,74,AUF 24 +  ,0.2970433,0.4614851,3.698592,3.167333,0.6987619,49.67678,22,5,15,0
ORR,76,AUF 24 +  ,0.2077516,0.2949167,3.022511,2.987026,0.6739329,49.81386,23,5,15,0
ORR,78,AUF 24 +  ,0.1409355,0.179767,2.409245,2.825727,0.6505816,49.79374,24,5,15,0
ORR,80,AUF 24 +  ,0.09279032,0.1046115,1.87321,2.682836,0.6288761,49.61768,25,5,15,0
ORR,82,AUF 24 +  ,0.05929476,0.0581392,1.420457,2.556381,0.6086397,50.29709,25,5,15,0
ORR,84,AUF 24 +  ,0.03677762,0.03086842,1.050719,2.444671,0.5897207,50.84724,25,5,15,0
ORR,86,AUF 24 +  ,0.02214214,0.01566081,0.7584731,2.346257,0.5719889,51.28548,25,5,15,0
ORR,88,AUF 24 +  ,0.01294047,0.007593603,0.5346158,2.259989,0.5553556,51.62951,25,5,15,0
ORR,90,AUF 24 +  ,0.007341806,0.003519452,0.3681893,2.184931,0.539755,51.89626,25,5,15,0
ORR,92,AUF 24 +  ,0.007019368,0.003364885,0.3520191,2.088973,0.5160499,52.03257,25,5,15,0
ORR,94,AUF 24 +  ,0.006717217,0.003220042,0.3368664,1.999053,0.4938365,52.16031,25,5,15,0
ORR,96,AUF 24 +  ,0.006433744,0.003084153,0.3226503,1.914691,0.4729961,52.28014,25,5,15,0
ORR,98,AUF 24 +  ,0.006167488,0.002956518,0.3092976,1.835452,0.4534214,52.3927,25,5,15,0
ORR,100,AUF 24 +  ,0.006167488,0.002956518,0.3092976,1.835452,0.4534214,52.3927,25,5,15,0
ORR,102,AUF 24 +  ,0.006167488,0.002956518,0.3092976,1.835452,0.4534214,52.3927,25,5,15,0
ORR,104,AUF 24 +  ,0.006167488,0.002956518,0.3092976,1.835452,0.4534214,52.3927,25,5,15,0
ORR,106,AUF 24 +  ,0.006167488,0.002956518,0.3092976,1.835452,0.4534214,52.3927,25,5,15,0
ORR,108,AUF 24 +  ,0.006167488,0.002956518,0.3092976,1.835452,0.4534214,52.3927,25,5,15,0
ORR,110,AUF 24 +  ,0.006167488,0.002956518,0.3092976,1.835452,0.4534214,52.3927,25,5,15,0
ORR,112,AUF 24 +  ,0.006167488,0.002956518,0.3092976,1.835452,0.4534214,52.3927,25,5,15,0
ORR,114,AUF 24 +  ,0.006167488,0.002956518,0.3092976,1.835452,0.4534214,52.3927,25,5,15,0
ORR,116,AUF 24 +  ,0.006167488,0.002956518,0.3092976,1.835452,0.4534214,52.3927,25,5,15,0
ORR,118,AUF 24 +  ,0.006167488,0.002956518,0.3092976,1.835452,0.4534214,52.3927,25,5,15,0
ORR,120,AUF 24 +  ,0.006167488,0.002956518,0.3092976,1.835452,0.4534214,52.3927,25,5,15,0
ORR,122,AUF 24 +  ,0.006167488,0.002956518,0.3092976,1.835452,0.4534214,52.3927,25,5,15,0
ORR,124,AUF 24 +  ,0.006167488,0.002956518,0.3092976,1.835452,0.4534214,52.3927,25,5,15,0
ORR,126,AUF 24 +  ,0.006167488,0.002956518,0.3092976,1.835452,0.4534214,52.3927,25,5,15,0
ORR,128,AUF 24 +  ,0.006167488,0.002956518,0.3092976,1.835452,0.4534214,52.3927,25,5,15,0
ORR,130,AUF 24 +  ,0.006167488,0.002956518,0.3092976,1.835452,0.4534214,52.3927,25,5,15,0
ORR,132,AUF 24 +  ,0.006167488,0.002956518,0.3092976,1.835452,0.4534214,52.3927,25,5,15,0
ORR,134,AUF 24 +  ,0.006167488,0.002956518,0.3092976,1.835452,0.4534214,52.3927,25,5,15,0
ORR,136,AUF 24 +  ,0.006167488,0.002956518,0.3092976,1.835452,0.4534214,52.3927,25,5,15,0
ORR,138,AUF 24 +  ,0.006167488,0.002956518,0.3092976,1.835452,0.4534214,52.3927,25,5,15,0
ORR,140,AUF 24 +  ,0.006167488,0.002956518,0.3092976,1.835452,0.4534214,52.3927,25,5,15,0
ORR,142,AUF 24 +  ,0.006167488,0.002956518,0.3092976,1.835452,0.4534214,52.3927,25,5,15,0
ORR,144,AUF 24 +  ,0.006167488,0.002956518,0.3092976,1.835452,0.4534214,52.3927,25,5,15,0
ORR,146,AUF 24 +  ,0.006167488,0.002956518,0.3092976,1.835452,0.4534214,52.3927,25,5,15,0
ORR,148,AUF 24 +  ,0.006167488,0.002956518,0.3092976,1.835452,0.4534214,52.3927,25,5,15,0
ORR,150,AUF 24 +  ,0.006167488,0.002956518,0.3092976,1.835452,0.4534214,52.3927,25,5,15,0
ORR,152,AUF 24 +  ,0.006167488,0.002956518,0.3092976,1.835452,0.4534214,52.3927,25,5,15,0
ORR,154,AUF 24 +  ,0.006167488,0.002956518,0.3092976,1.835452,0.4534214,52.3927,25,5,15,0
ORR,156,AUF 24 +  ,0.006167488,0.002956518,0.3092976,1.835452,0.4534214,52.3927,25,5,15,0
ORR,158,AUF 24 +  ,0.006167488,0.002956518,0.3092976,1.835452,0.4534214,52.3927,25,5,15,0
ORR,160,AUF 24 +  ,0.006167488,0.002956518,0.3092976,1.835452,0.4534214,52.3927,25,5,15,0
ORT,10,Tous FD 10-22 ,0,0,0,0,0,60,1,39,0,0
ORT,12,Tous FD 10-22 ,0,0,0,0,0,78,1,21,0,0
ORT,14,Tous FD 10-22 ,0,0,0,0,0,80,1,15,4,0
ORT,16,Tous FD 10-22 ,0,0,0,0,0,80,1,12,7,0
ORT,18,Tous FD 10-22 ,0,0,0,0,0,80,1,10,9,0
ORT,20,Tous FD 10-22 ,0,0,0,0,0,80,1,9,10,0
ORT,22,Tous FD 10-22 ,0,0,0,0,0,80,1,9,10,0
ORT,24,AUF 24 +  ,0.369673,0.04070443,4.936518,32.87616,5.176368,29.60057,1,9,17,0
ORT,26,AUF 24 +  ,0.4783325,0.07069683,5.600336,32.87616,4.341733,28.63274,2,9,17,0
ORT,28,AUF 24 +  ,0.6112765,0.1194852,6.308047,32.87616,3.711318,28.37371,2,9,17,0
ORT,30,AUF 24 +  ,0.7687896,0.1957905,7.031725,28.12662,3.222135,31.65494,3,9,17,0
ORT,32,AUF 24 +  ,0.949098,0.3101482,7.742014,24.31018,2.83404,34.85452,3,9,17,0
ORT,34,AUF 24 +  ,1.146985,0.4734081,8.403649,21.16979,2.518266,37.2879,4,8,17,0
ORT,36,AUF 24 +  ,1.354757,0.6947109,8.988617,18.54342,2.256642,39.16185,4,8,17,0
ORT,38,AUF 24 +  ,1.56356,0.9790925,9.482936,16.33168,2.03816,39.60457,5,8,17,0
ORT,40,AUF 24 +  ,1.763038,1.324074,9.878349,14.45677,1.854267,41.7235,6,7,16,0
ORT,42,AUF 24 +  ,1.942219,1.717258,10.17186,12.85781,1.698311,42.61255,6,7,16,0
ORT,44,AUF 24 +  ,2.090512,2.135834,10.36454,11.48682,1.565104,42.35719,7,7,16,0
ORT,46,AUF 24 +  ,2.198048,2.547931,10.45705,10.30281,1.450153,42.04401,8,7,16,0
ORT,48,AUF 24 +  ,2.256828,2.916992,10.4502,9.272586,1.349802,42.75359,8,7,16,0
ORT,50,AUF 24 +  ,2.262335,3.208454,10.34811,8.372328,1.261518,44.54725,9,6,15,0
ORT,52,AUF 24 +  ,2.213528,3.394593,10.15509,7.582955,1.183317,44.47052,10,6,15,0
ORT,54,AUF 24 +  ,2.112961,3.458095,9.875205,6.888923,1.113626,44.55119,11,6,15,0
ORT,56,AUF 24 +  ,1.966041,3.392694,9.509418,6.275521,1.050871,44.80545,12,6,15,0
ORT,58,AUF 24 +  ,1.781893,3.205378,9.06191,5.732484,0.9940798,45.22425,13,6,15,0
ORT,60,AUF 24 +  ,1.572438,2.915309,8.540601,5.252964,0.9427915,46.7759,14,5,15,0
ORT,62,AUF 24 +  ,1.350323,2.549875,7.9533,4.830304,0.8965331,47.41967,15,5,15,0
ORT,64,AUF 24 +  ,1.127803,2.141616,7.308825,4.458266,0.8548445,48.10864,16,5,15,0
ORT,66,AUF 24 +  ,0.9156764,1.72437,6.618079,4.131147,0.817293,48.79343,17,5,15,0
ORT,68,AUF 24 +  ,0.7225197,1.329116,5.895661,3.844354,0.7835899,49.42476,18,5,15,0
ORT,70,AUF 24 +  ,0.5537024,0.9791179,5.156244,3.591897,0.7530826,49.96596,19,5,15,0
ORT,72,AUF 24 +  ,0.4117928,0.688368,4.416979,3.367761,0.7249998,50.3901,20,5,15,0
ORT,74,AUF 24 +  ,0.2970433,0.4614851,3.698592,3.167333,0.6987619,49.67678,22,5,15,0
ORT,76,AUF 24 +  ,0.2077516,0.2949167,3.022511,2.987026,0.6739329,49.81386,23,5,15,0
ORT,78,AUF 24 +  ,0.1409355,0.179767,2.409245,2.825727,0.6505816,49.79374,24,5,15,0
ORT,80,AUF 24 +  ,0.09279032,0.1046115,1.87321,2.682836,0.6288761,49.61768,25,5,15,0
ORT,82,AUF 24 +  ,0.05929476,0.0581392,1.420457,2.556381,0.6086397,50.29709,25,5,15,0
ORT,84,AUF 24 +  ,0.03677762,0.03086842,1.050719,2.444671,0.5897207,50.84724,25,5,15,0
ORT,86,AUF 24 +  ,0.02214214,0.01566081,0.7584731,2.346257,0.5719889,51.28548,25,5,15,0
ORT,88,AUF 24 +  ,0.01294047,0.007593603,0.5346158,2.259989,0.5553556,51.62951,25,5,15,0
ORT,90,AUF 24 +  ,0.007341806,0.003519452,0.3681893,2.184931,0.539755,51.89626,25,5,15,0
ORT,92,AUF 24 +  ,0.007019368,0.003364885,0.3520191,2.088973,0.5160499,52.03257,25,5,15,0
ORT,94,AUF 24 +  ,0.006717217,0.003220042,0.3368664,1.999053,0.4938365,52.16031,25,5,15,0
ORT,96,AUF 24 +  ,0.006433744,0.003084153,0.3226503,1.914691,0.4729961,52.28014,25,5,15,0
ORT,98,AUF 24 +  ,0.006167488,0.002956518,0.3092976,1.835452,0.4534214,52.3927,25,5,15,0
ORT,100,AUF 24 +  ,0.006167488,0.002956518,0.3092976,1.835452,0.4534214,52.3927,25,5,15,0
ORT,102,AUF 24 +  ,0.006167488,0.002956518,0.3092976,1.835452,0.4534214,52.3927,25,5,15,0
ORT,104,AUF 24 +  ,0.006167488,0.002956518,0.3092976,1.835452,0.4534214,52.3927,25,5,15,0
ORT,106,AUF 24 +  ,0.006167488,0.002956518,0.3092976,1.835452,0.4534214,52.3927,25,5,15,0
ORT,108,AUF 24 +  ,0.006167488,0.002956518,0.3092976,1.835452,0.4534214,52.3927,25,5,15,0
ORT,110,AUF 24 +  ,0.006167488,0.002956518,0.3092976,1.835452,0.4534214,52.3927,25,5,15,0
ORT,112,AUF 24 +  ,0.006167488,0.002956518,0.3092976,1.835452,0.4534214,52.3927,25,5,15,0
ORT,114,AUF 24 +  ,0.006167488,0.002956518,0.3092976,1.835452,0.4534214,52.3927,25,5,15,0
ORT,116,AUF 24 +  ,0.006167488,0.002956518,0.3092976,1.835452,0.4534214,52.3927,25,5,15,0
ORT,118,AUF 24 +  ,0.006167488,0.002956518,0.3092976,1.835452,0.4534214,52.3927,25,5,15,0
ORT,120,AUF 24 +  ,0.006167488,0.002956518,0.3092976,1.835452,0.4534214,52.3927,25,5,15,0
ORT,122,AUF 24 +  ,0.006167488,0.002956518,0.3092976,1.835452,0.4534214,52.3927,25,5,15,0
ORT,124,AUF 24 +  ,0.006167488,0.002956518,0.3092976,1.835452,0.4534214,52.3927,25,5,15,0
ORT,126,AUF 24 +  ,0.006167488,0.002956518,0.3092976,1.835452,0.4534214,52.3927,25,5,15,0
ORT,128,AUF 24 +  ,0.006167488,0.002956518,0.3092976,1.835452,0.4534214,52.3927,25,5,15,0
ORT,130,AUF 24 +  ,0.006167488,0.002956518,0.3092976,1.835452,0.4534214,52.3927,25,5,15,0
ORT,132,AUF 24 +  ,0.006167488,0.002956518,0.3092976,1.835452,0.4534214,52.3927,25,5,15,0
ORT,134,AUF 24 +  ,0.006167488,0.002956518,0.3092976,1.835452,0.4534214,52.3927,25,5,15,0
ORT,136,AUF 24 +  ,0.006167488,0.002956518,0.3092976,1.835452,0.4534214,52.3927,25,5,15,0
ORT,138,AUF 24 +  ,0.006167488,0.002956518,0.3092976,1.835452,0.4534214,52.3927,25,5,15,0
ORT,140,AUF 24 +  ,0.006167488,0.002956518,0.3092976,1.835452,0.4534214,52.3927,25,5,15,0
ORT,142,AUF 24 +  ,0.006167488,0.002956518,0.3092976,1.835452,0.4534214,52.3927,25,5,15,0
ORT,144,AUF 24 +  ,0.006167488,0.002956518,0.3092976,1.835452,0.4534214,52.3927,25,5,15,0
ORT,146,AUF 24 +  ,0.006167488,0.002956518,0.3092976,1.835452,0.4534214,52.3927,25,5,15,0
ORT,148,AUF 24 +  ,0.006167488,0.002956518,0.3092976,1.835452,0.4534214,52.3927,25,5,15,0
ORT,150,AUF 24 +  ,0.006167488,0.002956518,0.3092976,1.835452,0.4534214,52.3927,25,5,15,0
ORT,152,AUF 24 +  ,0.006167488,0.002956518,0.3092976,1.835452,0.4534214,52.3927,25,5,15,0
ORT,154,AUF 24 +  ,0.006167488,0.002956518,0.3092976,1.835452,0.4534214,52.3927,25,5,15,0
ORT,156,AUF 24 +  ,0.006167488,0.002956518,0.3092976,1.835452,0.4534214,52.3927,25,5,15,0
ORT,158,AUF 24 +  ,0.006167488,0.002956518,0.3092976,1.835452,0.4534214,52.3927,25,5,15,0
ORT,160,AUF 24 +  ,0.006167488,0.002956518,0.3092976,1.835452,0.4534214,52.3927,25,5,15,0
OSV,10,Tous FD 10-22 ,0,0,0,0,0,60,1,39,0,0
OSV,12,Tous FD 10-22 ,0,0,0,0,0,78,1,21,0,0
OSV,14,Tous FD 10-22 ,0,0,0,0,0,80,1,15,4,0
OSV,16,Tous FD 10-22 ,0,0,0,0,0,80,1,12,7,0
OSV,18,Tous FD 10-22 ,0,0,0,0,0,80,1,10,9,0
OSV,20,Tous FD 10-22 ,0,0,0,0,0,80,1,9,10,0
OSV,22,Tous FD 10-22 ,0,0,0,0,0,80,1,9,10,0
OSV,24,AUF 24 +  ,0.369673,0.04070443,4.936518,32.87616,5.176368,29.60057,1,9,17,0
OSV,26,AUF 24 +  ,0.4783325,0.07069683,5.600336,32.87616,4.341733,28.63274,2,9,17,0
OSV,28,AUF 24 +  ,0.6112765,0.1194852,6.308047,32.87616,3.711318,28.37371,2,9,17,0
OSV,30,AUF 24 +  ,0.7687896,0.1957905,7.031725,28.12662,3.222135,31.65494,3,9,17,0
OSV,32,AUF 24 +  ,0.949098,0.3101482,7.742014,24.31018,2.83404,34.85452,3,9,17,0
OSV,34,AUF 24 +  ,1.146985,0.4734081,8.403649,21.16979,2.518266,37.2879,4,8,17,0
OSV,36,AUF 24 +  ,1.354757,0.6947109,8.988617,18.54342,2.256642,39.16185,4,8,17,0
OSV,38,AUF 24 +  ,1.56356,0.9790925,9.482936,16.33168,2.03816,39.60457,5,8,17,0
OSV,40,AUF 24 +  ,1.763038,1.324074,9.878349,14.45677,1.854267,41.7235,6,7,16,0
OSV,42,AUF 24 +  ,1.942219,1.717258,10.17186,12.85781,1.698311,42.61255,6,7,16,0
OSV,44,AUF 24 +  ,2.090512,2.135834,10.36454,11.48682,1.565104,42.35719,7,7,16,0
OSV,46,AUF 24 +  ,2.198048,2.547931,10.45705,10.30281,1.450153,42.04401,8,7,16,0
OSV,48,AUF 24 +  ,2.256828,2.916992,10.4502,9.272586,1.349802,42.75359,8,7,16,0
OSV,50,AUF 24 +  ,2.262335,3.208454,10.34811,8.372328,1.261518,44.54725,9,6,15,0
OSV,52,AUF 24 +  ,2.213528,3.394593,10.15509,7.582955,1.183317,44.47052,10,6,15,0
OSV,54,AUF 24 +  ,2.112961,3.458095,9.875205,6.888923,1.113626,44.55119,11,6,15,0
OSV,56,AUF 24 +  ,1.966041,3.392694,9.509418,6.275521,1.050871,44.80545,12,6,15,0
OSV,58,AUF 24 +  ,1.781893,3.205378,9.06191,5.732484,0.9940798,45.22425,13,6,15,0
OSV,60,AUF 24 +  ,1.572438,2.915309,8.540601,5.252964,0.9427915,46.7759,14,5,15,0
OSV,62,AUF 24 +  ,1.350323,2.549875,7.9533,4.830304,0.8965331,47.41967,15,5,15,0
OSV,64,AUF 24 +  ,1.127803,2.141616,7.308825,4.458266,0.8548445,48.10864,16,5,15,0
OSV,66,AUF 24 +  ,0.9156764,1.72437,6.618079,4.131147,0.817293,48.79343,17,5,15,0
OSV,68,AUF 24 +  ,0.7225197,1.329116,5.895661,3.844354,0.7835899,49.42476,18,5,15,0
OSV,70,AUF 24 +  ,0.5537024,0.9791179,5.156244,3.591897,0.7530826,49.96596,19,5,15,0
OSV,72,AUF 24 +  ,0.4117928,0.688368,4.416979,3.367761,0.7249998,50.3901,20,5,15,0
OSV,74,AUF 24 +  ,0.2970433,0.4614851,3.698592,3.167333,0.6987619,49.67678,22,5,15,0
OSV,76,AUF 24 +  ,0.2077516,0.2949167,3.022511,2.987026,0.6739329,49.81386,23,5,15,0
OSV,78,AUF 24 +  ,0.1409355,0.179767,2.409245,2.825727,0.6505816,49.79374,24,5,15,0
OSV,80,AUF 24 +  ,0.09279032,0.1046115,1.87321,2.682836,0.6288761,49.61768,25,5,15,0
OSV,82,AUF 24 +  ,0.05929476,0.0581392,1.420457,2.556381,0.6086397,50.29709,25,5,15,0
OSV,84,AUF 24 +  ,0.03677762,0.03086842,1.050719,2.444671,0.5897207,50.84724,25,5,15,0
OSV,86,AUF 24 +  ,0.02214214,0.01566081,0.7584731,2.346257,0.5719889,51.28548,25,5,15,0
OSV,88,AUF 24 +  ,0.01294047,0.007593603,0.5346158,2.259989,0.5553556,51.62951,25,5,15,0
OSV,90,AUF 24 +  ,0.007341806,0.003519452,0.3681893,2.184931,0.539755,51.89626,25,5,15,0
OSV,92,AUF 24 +  ,0.007019368,0.003364885,0.3520191,2.088973,0.5160499,52.03257,25,5,15,0
OSV,94,AUF 24 +  ,0.006717217,0.003220042,0.3368664,1.999053,0.4938365,52.16031,25,5,15,0
OSV,96,AUF 24 +  ,0.006433744,0.003084153,0.3226503,1.914691,0.4729961,52.28014,25,5,15,0
OSV,98,AUF 24 +  ,0.006167488,0.002956518,0.3092976,1.835452,0.4534214,52.3927,25,5,15,0
OSV,100,AUF 24 +  ,0.006167488,0.002956518,0.3092976,1.835452,0.4534214,52.3927,25,5,15,0
OSV,102,AUF 24 +  ,0.006167488,0.002956518,0.3092976,1.835452,0.4534214,52.3927,25,5,15,0
OSV,104,AUF 24 +  ,0.006167488,0.002956518,0.3092976,1.835452,0.4534214,52.3927,25,5,15,0
OSV,106,AUF 24 +  ,0.006167488,0.002956518,0.3092976,1.835452,0.4534214,52.3927,25,5,15,0
OSV,108,AUF 24 +  ,0.006167488,0.002956518,0.3092976,1.835452,0.4534214,52.3927,25,5,15,0
OSV,110,AUF 24 +  ,0.006167488,0.002956518,0.3092976,1.835452,0.4534214,52.3927,25,5,15,0
OSV,112,AUF 24 +  ,0.006167488,0.002956518,0.3092976,1.835452,0.4534214,52.3927,25,5,15,0
OSV,114,AUF 24 +  ,0.006167488,0.002956518,0.3092976,1.835452,0.4534214,52.3927,25,5,15,0
OSV,116,AUF 24 +  ,0.006167488,0.002956518,0.3092976,1.835452,0.4534214,52.3927,25,5,15,0
OSV,118,AUF 24 +  ,0.006167488,0.002956518,0.3092976,1.835452,0.4534214,52.3927,25,5,15,0
OSV,120,AUF 24 +  ,0.006167488,0.002956518,0.3092976,1.835452,0.4534214,52.3927,25,5,15,0
OSV,122,AUF 24 +  ,0.006167488,0.002956518,0.3092976,1.835452,0.4534214,52.3927,25,5,15,0
OSV,124,AUF 24 +  ,0.006167488,0.002956518,0.3092976,1.835452,0.4534214,52.3927,25,5,15,0
OSV,126,AUF 24 +  ,0.006167488,0.002956518,0.3092976,1.835452,0.4534214,52.3927,25,5,15,0
OSV,128,AUF 24 +  ,0.006167488,0.002956518,0.3092976,1.835452,0.4534214,52.3927,25,5,15,0
OSV,130,AUF 24 +  ,0.006167488,0.002956518,0.3092976,1.835452,0.4534214,52.3927,25,5,15,0
OSV,132,AUF 24 +  ,0.006167488,0.002956518,0.3092976,1.835452,0.4534214,52.3927,25,5,15,0
OSV,134,AUF 24 +  ,0.006167488,0.002956518,0.3092976,1.835452,0.4534214,52.3927,25,5,15,0
OSV,136,AUF 24 +  ,0.006167488,0.002956518,0.3092976,1.835452,0.4534214,52.3927,25,5,15,0
OSV,138,AUF 24 +  ,0.006167488,0.002956518,0.3092976,1.835452,0.4534214,52.3927,25,5,15,0
OSV,140,AUF 24 +  ,0.006167488,0.002956518,0.3092976,1.835452,0.4534214,52.3927,25,5,15,0
OSV,142,AUF 24 +  ,0.006167488,0.002956518,0.3092976,1.835452,0.4534214,52.3927,25,5,15,0
OSV,144,AUF 24 +  ,0.006167488,0.002956518,0.3092976,1.835452,0.4534214,52.3927,25,5,15,0
OSV,146,AUF 24 +  ,0.006167488,0.002956518,0.3092976,1.835452,0.4534214,52.3927,25,5,15,0
OSV,148,AUF 24 +  ,0.006167488,0.002956518,0.3092976,1.835452,0.4534214,52.3927,25,5,15,0
OSV,150,AUF 24 +  ,0.006167488,0.002956518,0.3092976,1.835452,0.4534214,52.3927,25,5,15,0
OSV,152,AUF 24 +  ,0.006167488,0.002956518,0.3092976,1.835452,0.4534214,52.3927,25,5,15,0
OSV,154,AUF 24 +  ,0.006167488,0.002956518,0.3092976,1.835452,0.4534214,52.3927,25,5,15,0
OSV,156,AUF 24 +  ,0.006167488,0.002956518,0.3092976,1.835452,0.4534214,52.3927,25,5,15,0
OSV,158,AUF 24 +  ,0.006167488,0.002956518,0.3092976,1.835452,0.4534214,52.3927,25,5,15,0
OSV,160,AUF 24 +  ,0.006167488,0.002956518,0.3092976,1.835452,0.4534214,52.3927,25,5,15,0
PEB,10,PEU  ,0,0,0,0,0,83,4,13,0,0
PEB,12,PEU  ,0,0,0,0,0,90,4,6,0,0
PEB,14,PEU  ,0,0,0,0,0,90,4,4,2,0
PEB,16,PEU  ,0,0,0,0,0,90,4,3,3,0
PEB,18,PEU  ,0,0,0,0,0,90,4,2,4,0
PEB,20,PEU  ,0,0,0,0,0,90,4,2,4,0
PEB,22,PEU  ,0,0,0,0,0,90,4,2,4,0
PEB,24,PEU  ,1.8125,0,0,18.125,0,67.0625,7,1,5,0
PEB,26,PEU  ,2,0,0,22,0,63,7,1,5,0
PEB,28,PEU  ,2.5,0,0,29,0,55.5,7,1,5,0
PEB,30,PEU  ,3,0,0,36,0,48,7,1,5,0
PEB,32,PEU  ,4.666667,0,0,36.66667,0,45.66667,7,1,5,0
PEB,34,PEU  ,6.333333,0,0,37.33333,0,43.33333,7,1,5,0
PEB,36,PEU  ,8,0,0,38,0,41,7,1,5,0
PEB,38,PEU  ,8.559569,0,0,38.81898,0,39.62144,7,1,5,0
PEB,40,PEU  ,9.122591,0,0,39.64302,0,38.23439,7,1,5,0
PEB,42,PEU  ,9.689095,0,0,40.47216,0,36.83875,7,1,5,0
PEB,44,PEU  ,10.25912,0,0,41.30644,0,35.43444,7,1,5,0
PEB,46,PEU  ,10.83268,0,0,42.14592,0,34.0214,7,1,5,0
PEB,48,PEU  ,11.40984,0,0,42.99063,0,32.59953,7,1,5,0
PEB,50,PEU  ,11.9906,0,0,43.84064,0,31.16875,7,1,5,0
PEB,52,PEU  ,12.57502,0,0,44.696,0,29.72899,7,1,5,0
PEB,54,PEU  ,13.16312,0,0,45.55674,0,28.28014,7,1,5,0
PEB,56,PEU  ,13.75494,0,0,46.42292,0,26.82213,7,1,5,0
PEB,58,PEU  ,14.21524,0,0,46.13119,0,26.65357,7,1,5,0
PEB,60,PEU  ,14.66979,0,0,45.84309,0,26.48712,7,1,5,0
PEB,62,PEU  ,15.1187,0,0,45.55857,0,26.32273,7,1,5,0
PEB,64,PEU  ,15.56207,0,0,45.27757,0,26.16037,7,1,5,0
PEB,66,PEU  ,16,0,0,45,0,26,7,1,5,0
PEB,68,PEU  ,16,0,0,45,0,26,7,1,5,0
PEB,70,PEU  ,16,0,0,45,0,26,7,1,5,0
PEB,72,PEU  ,16,0,0,45,0,26,7,1,5,0
PEB,74,PEU  ,16,0,0,45,0,26,7,1,5,0
PEB,76,PEU  ,16,0,0,45,0,26,7,1,5,0
PEB,78,PEU  ,16,0,0,45,0,26,7,1,5,0
PEB,80,PEU  ,16,0,0,45,0,26,7,1,5,0
PEB,82,PEU  ,16,0,0,45,0,26,7,1,5,0
PEB,84,PEU  ,16,0,0,45,0,26,7,1,5,0
PEB,86,PEU  ,16,0,0,45,0,26,7,1,5,0
PEB,88,PEU  ,16,0,0,45,0,26,7,1,5,0
PEB,90,PEU  ,16,0,0,45,0,26,7,1,5,0
PEB,92,PEU  ,16,0,0,45,0,26,7,1,5,0
PEB,94,PEU  ,16,0,0,45,0,26,7,1,5,0
PEB,96,PEU  ,16,0,0,45,0,26,7,1,5,0
PEB,98,PEU  ,16,0,0,45,0,26,7,1,5,0
PEB,100,PEU  ,16,0,0,45,0,26,7,1,5,0
PEB,102,PEU  ,16,0,0,45,0,26,7,1,5,0
PEB,104,PEU  ,16,0,0,45,0,26,7,1,5,0
PEB,106,PEU  ,16,0,0,45,0,26,7,1,5,0
PEB,108,PEU  ,16,0,0,45,0,26,7,1,5,0
PEB,110,PEU  ,16,0,0,45,0,26,7,1,5,0
PEB,112,PEU  ,16,0,0,45,0,26,7,1,5,0
PEB,114,PEU  ,16,0,0,45,0,26,7,1,5,0
PEB,116,PEU  ,16,0,0,45,0,26,7,1,5,0
PEB,118,PEU  ,16,0,0,45,0,26,7,1,5,0
PEB,120,PEU  ,16,0,0,45,0,26,7,1,5,0
PEB,122,PEU  ,16,0,0,45,0,26,7,1,5,0
PEB,124,PEU  ,16,0,0,45,0,26,7,1,5,0
PEB,126,PEU  ,16,0,0,45,0,26,7,1,5,0
PEB,128,PEU  ,16,0,0,45,0,26,7,1,5,0
PEB,130,PEU  ,16,0,0,45,0,26,7,1,5,0
PEB,132,PEU  ,16,0,0,45,0,26,7,1,5,0
PEB,134,PEU  ,16,0,0,45,0,26,7,1,5,0
PEB,136,PEU  ,16,0,0,45,0,26,7,1,5,0
PEB,138,PEU  ,16,0,0,45,0,26,7,1,5,0
PEB,140,PEU  ,16,0,0,45,0,26,7,1,5,0
PEB,142,PEU  ,16,0,0,45,0,26,7,1,5,0
PEB,144,PEU  ,16,0,0,45,0,26,7,1,5,0
PEB,146,PEU  ,16,0,0,45,0,26,7,1,5,0
PEB,148,PEU  ,16,0,0,45,0,26,7,1,5,0
PEB,150,PEU  ,16,0,0,45,0,26,7,1,5,0
PEB,152,PEU  ,16,0,0,45,0,26,7,1,5,0
PEB,154,PEU  ,16,0,0,45,0,26,7,1,5,0
PEB,156,PEU  ,16,0,0,45,0,26,7,1,5,0
PEB,158,PEU  ,16,0,0,45,0,26,7,1,5,0
PEB,160,PEU  ,16,0,0,45,0,26,7,1,5,0
PED,10,PEU  ,0,0,0,0,0,83,4,13,0,0
PED,12,PEU  ,0,0,0,0,0,90,4,6,0,0
PED,14,PEU  ,0,0,0,0,0,90,4,4,2,0
PED,16,PEU  ,0,0,0,0,0,90,4,3,3,0
PED,18,PEU  ,0,0,0,0,0,90,4,2,4,0
PED,20,PEU  ,0,0,0,0,0,90,4,2,4,0
PED,22,PEU  ,0,0,0,0,0,90,4,2,4,0
PED,24,PEU  ,1.8125,0,0,18.125,0,67.0625,7,1,5,0
PED,26,PEU  ,2,0,0,22,0,63,7,1,5,0
PED,28,PEU  ,2.5,0,0,29,0,55.5,7,1,5,0
PED,30,PEU  ,3,0,0,36,0,48,7,1,5,0
PED,32,PEU  ,4.666667,0,0,36.66667,0,45.66667,7,1,5,0
PED,34,PEU  ,6.333333,0,0,37.33333,0,43.33333,7,1,5,0
PED,36,PEU  ,8,0,0,38,0,41,7,1,5,0
PED,38,PEU  ,8.559569,0,0,38.81898,0,39.62144,7,1,5,0
PED,40,PEU  ,9.122591,0,0,39.64302,0,38.23439,7,1,5,0
PED,42,PEU  ,9.689095,0,0,40.47216,0,36.83875,7,1,5,0
PED,44,PEU  ,10.25912,0,0,41.30644,0,35.43444,7,1,5,0
PED,46,PEU  ,10.83268,0,0,42.14592,0,34.0214,7,1,5,0
PED,48,PEU  ,11.40984,0,0,42.99063,0,32.59953,7,1,5,0
PED,50,PEU  ,11.9906,0,0,43.84064,0,31.16875,7,1,5,0
PED,52,PEU  ,12.57502,0,0,44.696,0,29.72899,7,1,5,0
PED,54,PEU  ,13.16312,0,0,45.55674,0,28.28014,7,1,5,0
PED,56,PEU  ,13.75494,0,0,46.42292,0,26.82213,7,1,5,0
PED,58,PEU  ,14.21524,0,0,46.13119,0,26.65357,7,1,5,0
PED,60,PEU  ,14.66979,0,0,45.84309,0,26.48712,7,1,5,0
PED,62,PEU  ,15.1187,0,0,45.55857,0,26.32273,7,1,5,0
PED,64,PEU  ,15.56207,0,0,45.27757,0,26.16037,7,1,5,0
PED,66,PEU  ,16,0,0,45,0,26,7,1,5,0
PED,68,PEU  ,16,0,0,45,0,26,7,1,5,0
PED,70,PEU  ,16,0,0,45,0,26,7,1,5,0
PED,72,PEU  ,16,0,0,45,0,26,7,1,5,0
PED,74,PEU  ,16,0,0,45,0,26,7,1,5,0
PED,76,PEU  ,16,0,0,45,0,26,7,1,5,0
PED,78,PEU  ,16,0,0,45,0,26,7,1,5,0
PED,80,PEU  ,16,0,0,45,0,26,7,1,5,0
PED,82,PEU  ,16,0,0,45,0,26,7,1,5,0
PED,84,PEU  ,16,0,0,45,0,26,7,1,5,0
PED,86,PEU  ,16,0,0,45,0,26,7,1,5,0
PED,88,PEU  ,16,0,0,45,0,26,7,1,5,0
PED,90,PEU  ,16,0,0,45,0,26,7,1,5,0
PED,92,PEU  ,16,0,0,45,0,26,7,1,5,0
PED,94,PEU  ,16,0,0,45,0,26,7,1,5,0
PED,96,PEU  ,16,0,0,45,0,26,7,1,5,0
PED,98,PEU  ,16,0,0,45,0,26,7,1,5,0
PED,100,PEU  ,16,0,0,45,0,26,7,1,5,0
PED,102,PEU  ,16,0,0,45,0,26,7,1,5,0
PED,104,PEU  ,16,0,0,45,0,26,7,1,5,0
PED,106,PEU  ,16,0,0,45,0,26,7,1,5,0
PED,108,PEU  ,16,0,0,45,0,26,7,1,5,0
PED,110,PEU  ,16,0,0,45,0,26,7,1,5,0
PED,112,PEU  ,16,0,0,45,0,26,7,1,5,0
PED,114,PEU  ,16,0,0,45,0,26,7,1,5,0
PED,116,PEU  ,16,0,0,45,0,26,7,1,5,0
PED,118,PEU  ,16,0,0,45,0,26,7,1,5,0
PED,120,PEU  ,16,0,0,45,0,26,7,1,5,0
PED,122,PEU  ,16,0,0,45,0,26,7,1,5,0
PED,124,PEU  ,16,0,0,45,0,26,7,1,5,0
PED,126,PEU  ,16,0,0,45,0,26,7,1,5,0
PED,128,PEU  ,16,0,0,45,0,26,7,1,5,0
PED,130,PEU  ,16,0,0,45,0,26,7,1,5,0
PED,132,PEU  ,16,0,0,45,0,26,7,1,5,0
PED,134,PEU  ,16,0,0,45,0,26,7,1,5,0
PED,136,PEU  ,16,0,0,45,0,26,7,1,5,0
PED,138,PEU  ,16,0,0,45,0,26,7,1,5,0
PED,140,PEU  ,16,0,0,45,0,26,7,1,5,0
PED,142,PEU  ,16,0,0,45,0,26,7,1,5,0
PED,144,PEU  ,16,0,0,45,0,26,7,1,5,0
PED,146,PEU  ,16,0,0,45,0,26,7,1,5,0
PED,148,PEU  ,16,0,0,45,0,26,7,1,5,0
PED,150,PEU  ,16,0,0,45,0,26,7,1,5,0
PED,152,PEU  ,16,0,0,45,0,26,7,1,5,0
PED,154,PEU  ,16,0,0,45,0,26,7,1,5,0
PED,156,PEU  ,16,0,0,45,0,26,7,1,5,0
PED,158,PEU  ,16,0,0,45,0,26,7,1,5,0
PED,160,PEU  ,16,0,0,45,0,26,7,1,5,0
PEG,10,PEU  ,0,0,0,0,0,83,4,13,0,0
PEG,12,PEU  ,0,0,0,0,0,90,4,6,0,0
PEG,14,PEU  ,0,0,0,0,0,90,4,4,2,0
PEG,16,PEU  ,0,0,0,0,0,90,4,3,3,0
PEG,18,PEU  ,0,0,0,0,0,90,4,2,4,0
PEG,20,PEU  ,0,0,0,0,0,90,4,2,4,0
PEG,22,PEU  ,0,0,0,0,0,90,4,2,4,0
PEG,24,PEU  ,1.8125,0,0,18.125,0,67.0625,7,1,5,0
PEG,26,PEU  ,2,0,0,22,0,63,7,1,5,0
PEG,28,PEU  ,2.5,0,0,29,0,55.5,7,1,5,0
PEG,30,PEU  ,3,0,0,36,0,48,7,1,5,0
PEG,32,PEU  ,4.666667,0,0,36.66667,0,45.66667,7,1,5,0
PEG,34,PEU  ,6.333333,0,0,37.33333,0,43.33333,7,1,5,0
PEG,36,PEU  ,8,0,0,38,0,41,7,1,5,0
PEG,38,PEU  ,8.559569,0,0,38.81898,0,39.62144,7,1,5,0
PEG,40,PEU  ,9.122591,0,0,39.64302,0,38.23439,7,1,5,0
PEG,42,PEU  ,9.689095,0,0,40.47216,0,36.83875,7,1,5,0
PEG,44,PEU  ,10.25912,0,0,41.30644,0,35.43444,7,1,5,0
PEG,46,PEU  ,10.83268,0,0,42.14592,0,34.0214,7,1,5,0
PEG,48,PEU  ,11.40984,0,0,42.99063,0,32.59953,7,1,5,0
PEG,50,PEU  ,11.9906,0,0,43.84064,0,31.16875,7,1,5,0
PEG,52,PEU  ,12.57502,0,0,44.696,0,29.72899,7,1,5,0
PEG,54,PEU  ,13.16312,0,0,45.55674,0,28.28014,7,1,5,0
PEG,56,PEU  ,13.75494,0,0,46.42292,0,26.82213,7,1,5,0
PEG,58,PEU  ,14.21524,0,0,46.13119,0,26.65357,7,1,5,0
PEG,60,PEU  ,14.66979,0,0,45.84309,0,26.48712,7,1,5,0
PEG,62,PEU  ,15.1187,0,0,45.55857,0,26.32273,7,1,5,0
PEG,64,PEU  ,15.56207,0,0,45.27757,0,26.16037,7,1,5,0
PEG,66,PEU  ,16,0,0,45,0,26,7,1,5,0
PEG,68,PEU  ,16,0,0,45,0,26,7,1,5,0
PEG,70,PEU  ,16,0,0,45,0,26,7,1,5,0
PEG,72,PEU  ,16,0,0,45,0,26,7,1,5,0
PEG,74,PEU  ,16,0,0,45,0,26,7,1,5,0
PEG,76,PEU  ,16,0,0,45,0,26,7,1,5,0
PEG,78,PEU  ,16,0,0,45,0,26,7,1,5,0
PEG,80,PEU  ,16,0,0,45,0,26,7,1,5,0
PEG,82,PEU  ,16,0,0,45,0,26,7,1,5,0
PEG,84,PEU  ,16,0,0,45,0,26,7,1,5,0
PEG,86,PEU  ,16,0,0,45,0,26,7,1,5,0
PEG,88,PEU  ,16,0,0,45,0,26,7,1,5,0
PEG,90,PEU  ,16,0,0,45,0,26,7,1,5,0
PEG,92,PEU  ,16,0,0,45,0,26,7,1,5,0
PEG,94,PEU  ,16,0,0,45,0,26,7,1,5,0
PEG,96,PEU  ,16,0,0,45,0,26,7,1,5,0
PEG,98,PEU  ,16,0,0,45,0,26,7,1,5,0
PEG,100,PEU  ,16,0,0,45,0,26,7,1,5,0
PEG,102,PEU  ,16,0,0,45,0,26,7,1,5,0
PEG,104,PEU  ,16,0,0,45,0,26,7,1,5,0
PEG,106,PEU  ,16,0,0,45,0,26,7,1,5,0
PEG,108,PEU  ,16,0,0,45,0,26,7,1,5,0
PEG,110,PEU  ,16,0,0,45,0,26,7,1,5,0
PEG,112,PEU  ,16,0,0,45,0,26,7,1,5,0
PEG,114,PEU  ,16,0,0,45,0,26,7,1,5,0
PEG,116,PEU  ,16,0,0,45,0,26,7,1,5,0
PEG,118,PEU  ,16,0,0,45,0,26,7,1,5,0
PEG,120,PEU  ,16,0,0,45,0,26,7,1,5,0
PEG,122,PEU  ,16,0,0,45,0,26,7,1,5,0
PEG,124,PEU  ,16,0,0,45,0,26,7,1,5,0
PEG,126,PEU  ,16,0,0,45,0,26,7,1,5,0
PEG,128,PEU  ,16,0,0,45,0,26,7,1,5,0
PEG,130,PEU  ,16,0,0,45,0,26,7,1,5,0
PEG,132,PEU  ,16,0,0,45,0,26,7,1,5,0
PEG,134,PEU  ,16,0,0,45,0,26,7,1,5,0
PEG,136,PEU  ,16,0,0,45,0,26,7,1,5,0
PEG,138,PEU  ,16,0,0,45,0,26,7,1,5,0
PEG,140,PEU  ,16,0,0,45,0,26,7,1,5,0
PEG,142,PEU  ,16,0,0,45,0,26,7,1,5,0
PEG,144,PEU  ,16,0,0,45,0,26,7,1,5,0
PEG,146,PEU  ,16,0,0,45,0,26,7,1,5,0
PEG,148,PEU  ,16,0,0,45,0,26,7,1,5,0
PEG,150,PEU  ,16,0,0,45,0,26,7,1,5,0
PEG,152,PEU  ,16,0,0,45,0,26,7,1,5,0
PEG,154,PEU  ,16,0,0,45,0,26,7,1,5,0
PEG,156,PEU  ,16,0,0,45,0,26,7,1,5,0
PEG,158,PEU  ,16,0,0,45,0,26,7,1,5,0
PEG,160,PEU  ,16,0,0,45,0,26,7,1,5,0
PEH,10,PEU  ,0,0,0,0,0,83,4,13,0,0
PEH,12,PEU  ,0,0,0,0,0,90,4,6,0,0
PEH,14,PEU  ,0,0,0,0,0,90,4,4,2,0
PEH,16,PEU  ,0,0,0,0,0,90,4,3,3,0
PEH,18,PEU  ,0,0,0,0,0,90,4,2,4,0
PEH,20,PEU  ,0,0,0,0,0,90,4,2,4,0
PEH,22,PEU  ,0,0,0,0,0,90,4,2,4,0
PEH,24,PEU  ,1.8125,0,0,18.125,0,67.0625,7,1,5,0
PEH,26,PEU  ,2,0,0,22,0,63,7,1,5,0
PEH,28,PEU  ,2.5,0,0,29,0,55.5,7,1,5,0
PEH,30,PEU  ,3,0,0,36,0,48,7,1,5,0
PEH,32,PEU  ,4.666667,0,0,36.66667,0,45.66667,7,1,5,0
PEH,34,PEU  ,6.333333,0,0,37.33333,0,43.33333,7,1,5,0
PEH,36,PEU  ,8,0,0,38,0,41,7,1,5,0
PEH,38,PEU  ,8.559569,0,0,38.81898,0,39.62144,7,1,5,0
PEH,40,PEU  ,9.122591,0,0,39.64302,0,38.23439,7,1,5,0
PEH,42,PEU  ,9.689095,0,0,40.47216,0,36.83875,7,1,5,0
PEH,44,PEU  ,10.25912,0,0,41.30644,0,35.43444,7,1,5,0
PEH,46,PEU  ,10.83268,0,0,42.14592,0,34.0214,7,1,5,0
PEH,48,PEU  ,11.40984,0,0,42.99063,0,32.59953,7,1,5,0
PEH,50,PEU  ,11.9906,0,0,43.84064,0,31.16875,7,1,5,0
PEH,52,PEU  ,12.57502,0,0,44.696,0,29.72899,7,1,5,0
PEH,54,PEU  ,13.16312,0,0,45.55674,0,28.28014,7,1,5,0
PEH,56,PEU  ,13.75494,0,0,46.42292,0,26.82213,7,1,5,0
PEH,58,PEU  ,14.21524,0,0,46.13119,0,26.65357,7,1,5,0
PEH,60,PEU  ,14.66979,0,0,45.84309,0,26.48712,7,1,5,0
PEH,62,PEU  ,15.1187,0,0,45.55857,0,26.32273,7,1,5,0
PEH,64,PEU  ,15.56207,0,0,45.27757,0,26.16037,7,1,5,0
PEH,66,PEU  ,16,0,0,45,0,26,7,1,5,0
PEH,68,PEU  ,16,0,0,45,0,26,7,1,5,0
PEH,70,PEU  ,16,0,0,45,0,26,7,1,5,0
PEH,72,PEU  ,16,0,0,45,0,26,7,1,5,0
PEH,74,PEU  ,16,0,0,45,0,26,7,1,5,0
PEH,76,PEU  ,16,0,0,45,0,26,7,1,5,0
PEH,78,PEU  ,16,0,0,45,0,26,7,1,5,0
PEH,80,PEU  ,16,0,0,45,0,26,7,1,5,0
PEH,82,PEU  ,16,0,0,45,0,26,7,1,5,0
PEH,84,PEU  ,16,0,0,45,0,26,7,1,5,0
PEH,86,PEU  ,16,0,0,45,0,26,7,1,5,0
PEH,88,PEU  ,16,0,0,45,0,26,7,1,5,0
PEH,90,PEU  ,16,0,0,45,0,26,7,1,5,0
PEH,92,PEU  ,16,0,0,45,0,26,7,1,5,0
PEH,94,PEU  ,16,0,0,45,0,26,7,1,5,0
PEH,96,PEU  ,16,0,0,45,0,26,7,1,5,0
PEH,98,PEU  ,16,0,0,45,0,26,7,1,5,0
PEH,100,PEU  ,16,0,0,45,0,26,7,1,5,0
PEH,102,PEU  ,16,0,0,45,0,26,7,1,5,0
PEH,104,PEU  ,16,0,0,45,0,26,7,1,5,0
PEH,106,PEU  ,16,0,0,45,0,26,7,1,5,0
PEH,108,PEU  ,16,0,0,45,0,26,7,1,5,0
PEH,110,PEU  ,16,0,0,45,0,26,7,1,5,0
PEH,112,PEU  ,16,0,0,45,0,26,7,1,5,0
PEH,114,PEU  ,16,0,0,45,0,26,7,1,5,0
PEH,116,PEU  ,16,0,0,45,0,26,7,1,5,0
PEH,118,PEU  ,16,0,0,45,0,26,7,1,5,0
PEH,120,PEU  ,16,0,0,45,0,26,7,1,5,0
PEH,122,PEU  ,16,0,0,45,0,26,7,1,5,0
PEH,124,PEU  ,16,0,0,45,0,26,7,1,5,0
PEH,126,PEU  ,16,0,0,45,0,26,7,1,5,0
PEH,128,PEU  ,16,0,0,45,0,26,7,1,5,0
PEH,130,PEU  ,16,0,0,45,0,26,7,1,5,0
PEH,132,PEU  ,16,0,0,45,0,26,7,1,5,0
PEH,134,PEU  ,16,0,0,45,0,26,7,1,5,0
PEH,136,PEU  ,16,0,0,45,0,26,7,1,5,0
PEH,138,PEU  ,16,0,0,45,0,26,7,1,5,0
PEH,140,PEU  ,16,0,0,45,0,26,7,1,5,0
PEH,142,PEU  ,16,0,0,45,0,26,7,1,5,0
PEH,144,PEU  ,16,0,0,45,0,26,7,1,5,0
PEH,146,PEU  ,16,0,0,45,0,26,7,1,5,0
PEH,148,PEU  ,16,0,0,45,0,26,7,1,5,0
PEH,150,PEU  ,16,0,0,45,0,26,7,1,5,0
PEH,152,PEU  ,16,0,0,45,0,26,7,1,5,0
PEH,154,PEU  ,16,0,0,45,0,26,7,1,5,0
PEH,156,PEU  ,16,0,0,45,0,26,7,1,5,0
PEH,158,PEU  ,16,0,0,45,0,26,7,1,5,0
PEH,160,PEU  ,16,0,0,45,0,26,7,1,5,0
PET,10,PEU  ,0,0,0,0,0,83,4,13,0,0
PET,12,PEU  ,0,0,0,0,0,90,4,6,0,0
PET,14,PEU  ,0,0,0,0,0,90,4,4,2,0
PET,16,PEU  ,0,0,0,0,0,90,4,3,3,0
PET,18,PEU  ,0,0,0,0,0,90,4,2,4,0
PET,20,PEU  ,0,0,0,0,0,90,4,2,4,0
PET,22,PEU  ,0,0,0,0,0,90,4,2,4,0
PET,24,PEU  ,1.8125,0,0,18.125,0,67.0625,7,1,5,0
PET,26,PEU  ,2,0,0,22,0,63,7,1,5,0
PET,28,PEU  ,2.5,0,0,29,0,55.5,7,1,5,0
PET,30,PEU  ,3,0,0,36,0,48,7,1,5,0
PET,32,PEU  ,4.666667,0,0,36.66667,0,45.66667,7,1,5,0
PET,34,PEU  ,6.333333,0,0,37.33333,0,43.33333,7,1,5,0
PET,36,PEU  ,8,0,0,38,0,41,7,1,5,0
PET,38,PEU  ,8.559569,0,0,38.81898,0,39.62144,7,1,5,0
PET,40,PEU  ,9.122591,0,0,39.64302,0,38.23439,7,1,5,0
PET,42,PEU  ,9.689095,0,0,40.47216,0,36.83875,7,1,5,0
PET,44,PEU  ,10.25912,0,0,41.30644,0,35.43444,7,1,5,0
PET,46,PEU  ,10.83268,0,0,42.14592,0,34.0214,7,1,5,0
PET,48,PEU  ,11.40984,0,0,42.99063,0,32.59953,7,1,5,0
PET,50,PEU  ,11.9906,0,0,43.84064,0,31.16875,7,1,5,0
PET,52,PEU  ,12.57502,0,0,44.696,0,29.72899,7,1,5,0
PET,54,PEU  ,13.16312,0,0,45.55674,0,28.28014,7,1,5,0
PET,56,PEU  ,13.75494,0,0,46.42292,0,26.82213,7,1,5,0
PET,58,PEU  ,14.21524,0,0,46.13119,0,26.65357,7,1,5,0
PET,60,PEU  ,14.66979,0,0,45.84309,0,26.48712,7,1,5,0
PET,62,PEU  ,15.1187,0,0,45.55857,0,26.32273,7,1,5,0
PET,64,PEU  ,15.56207,0,0,45.27757,0,26.16037,7,1,5,0
PET,66,PEU  ,16,0,0,45,0,26,7,1,5,0
PET,68,PEU  ,16,0,0,45,0,26,7,1,5,0
PET,70,PEU  ,16,0,0,45,0,26,7,1,5,0
PET,72,PEU  ,16,0,0,45,0,26,7,1,5,0
PET,74,PEU  ,16,0,0,45,0,26,7,1,5,0
PET,76,PEU  ,16,0,0,45,0,26,7,1,5,0
PET,78,PEU  ,16,0,0,45,0,26,7,1,5,0
PET,80,PEU  ,16,0,0,45,0,26,7,1,5,0
PET,82,PEU  ,16,0,0,45,0,26,7,1,5,0
PET,84,PEU  ,16,0,0,45,0,26,7,1,5,0
PET,86,PEU  ,16,0,0,45,0,26,7,1,5,0
PET,88,PEU  ,16,0,0,45,0,26,7,1,5,0
PET,90,PEU  ,16,0,0,45,0,26,7,1,5,0
PET,92,PEU  ,16,0,0,45,0,26,7,1,5,0
PET,94,PEU  ,16,0,0,45,0,26,7,1,5,0
PET,96,PEU  ,16,0,0,45,0,26,7,1,5,0
PET,98,PEU  ,16,0,0,45,0,26,7,1,5,0
PET,100,PEU  ,16,0,0,45,0,26,7,1,5,0
PET,102,PEU  ,16,0,0,45,0,26,7,1,5,0
PET,104,PEU  ,16,0,0,45,0,26,7,1,5,0
PET,106,PEU  ,16,0,0,45,0,26,7,1,5,0
PET,108,PEU  ,16,0,0,45,0,26,7,1,5,0
PET,110,PEU  ,16,0,0,45,0,26,7,1,5,0
PET,112,PEU  ,16,0,0,45,0,26,7,1,5,0
PET,114,PEU  ,16,0,0,45,0,26,7,1,5,0
PET,116,PEU  ,16,0,0,45,0,26,7,1,5,0
PET,118,PEU  ,16,0,0,45,0,26,7,1,5,0
PET,120,PEU  ,16,0,0,45,0,26,7,1,5,0
PET,122,PEU  ,16,0,0,45,0,26,7,1,5,0
PET,124,PEU  ,16,0,0,45,0,26,7,1,5,0
PET,126,PEU  ,16,0,0,45,0,26,7,1,5,0
PET,128,PEU  ,16,0,0,45,0,26,7,1,5,0
PET,130,PEU  ,16,0,0,45,0,26,7,1,5,0
PET,132,PEU  ,16,0,0,45,0,26,7,1,5,0
PET,134,PEU  ,16,0,0,45,0,26,7,1,5,0
PET,136,PEU  ,16,0,0,45,0,26,7,1,5,0
PET,138,PEU  ,16,0,0,45,0,26,7,1,5,0
PET,140,PEU  ,16,0,0,45,0,26,7,1,5,0
PET,142,PEU  ,16,0,0,45,0,26,7,1,5,0
PET,144,PEU  ,16,0,0,45,0,26,7,1,5,0
PET,146,PEU  ,16,0,0,45,0,26,7,1,5,0
PET,148,PEU  ,16,0,0,45,0,26,7,1,5,0
PET,150,PEU  ,16,0,0,45,0,26,7,1,5,0
PET,152,PEU  ,16,0,0,45,0,26,7,1,5,0
PET,154,PEU  ,16,0,0,45,0,26,7,1,5,0
PET,156,PEU  ,16,0,0,45,0,26,7,1,5,0
PET,158,PEU  ,16,0,0,45,0,26,7,1,5,0
PET,160,PEU  ,16,0,0,45,0,26,7,1,5,0
PIB,10,PIB-PIR 10-22  ,0,0,0,0,0,62,2,36,0,0
PIB,12,PIB-PIR 10-22  ,0,0,0,0,0,80,2,18,0,0
PIB,14,PIB-PIR 10-22  ,0,0,0,0,0,87,2,11,0,0
PIB,16,PIB-PIR 10-22  ,0,0,0,0,0,90,2,8,0,0
PIB,18,PIB-PIR 10-22  ,0,0,0,0,0,90,2,8,0,0
PIB,20,PIB-PIR 10-22  ,0,0,0,0,0,90,2,8,0,0
PIB,22,PIB-PIR 10-22  ,0,0,0,0,0,90,2,8,0,0
PIB,24,PIB-PIR 24 +  ,0,0,20.72727,48.54546,0,20.72727,2,8,0,0
PIB,26,PIB-PIR 24 +  ,0,0,22.43478,47.21739,0,20.34783,2,8,0,0
PIB,28,PIB-PIR 24 +  ,0,0,24,46,0,20,2,8,0,0
PIB,30,PIB-PIR 24 +  ,0,0,26.13699,44.63014,0,19.23288,2,8,0,0
PIB,32,PIB-PIR 24 +  ,0,0,28.21622,43.2973,0,18.48649,2,8,0,0
PIB,34,PIB-PIR 24 +  ,0,0,31.92,44.33333,0,18.74667,2,3,0,0
PIB,36,PIB-PIR 24 +  ,0,0,34,43,0,18,2,3,0,0
PIB,38,PIB-PIR 24 +  ,0,0,34,43,0,18,2,3,0,0
PIB,40,PIB-PIR 24 +  ,0,10.33771,27.62664,42.77674,0,14.25891,3,2,0,0
PIB,42,PIB-PIR 24 +  ,0,10.89003,26.11836,44.71109,0,13.28052,3,2,0,0
PIB,44,PIB-PIR 24 +  ,0,11.43519,24.62963,46.62037,0,12.31481,3,2,0,0
PIB,46,PIB-PIR 24 +  ,0,12.17493,23.55005,47.72217,0,11.55285,3,2,0,0
PIB,48,PIB-PIR 24 +  ,0,12.93006,22.44802,48.84688,0,10.77505,3,2,0,0
PIB,50,PIB-PIR 24 +  ,0,13.98949,21.77173,51.04776,0,10.19102,1,2,0,0
PIB,52,PIB-PIR 24 +  ,0,14.79344,20.59846,52.24517,0,9.362934,1,2,0,0
PIB,54,PIB-PIR 24 +  ,0,15.61463,19.4,53.46829,0,8.517074,1,2,0,0
PIB,56,PIB-PIR 24 +  ,0,16.45365,18.17554,54.71795,0,7.65286,1,2,0,0
PIB,58,PIB-PIR 24 +  ,0,17.31107,16.92423,55.99501,0,6.769691,1,2,0,0
PIB,60,PIB-PIR 24 +  ,0,18.1875,15.64516,57.3004,0,5.866935,1,2,0,0
PIB,62,PIB-PIR 24 +  ,0,19.08359,14.33741,58.63507,0,4.943935,1,2,0,0
PIB,64,PIB-PIR 24 +  ,0,20,13,60,0,4,1,2,0,0
PIB,66,PIB-PIR 24 +  ,0,20,13,60,0,4,1,2,0,0
PIB,68,PIB-PIR 24 +  ,0,20,13,60,0,4,1,2,0,0
PIB,70,PIB-PIR 24 +  ,0,20,13,60,0,4,1,2,0,0
PIB,72,PIB-PIR 24 +  ,0,20,13,60,0,4,1,2,0,0
PIB,74,PIB-PIR 24 +  ,0,20,13,60,0,4,1,2,0,0
PIB,76,PIB-PIR 24 +  ,0,20,13,60,0,4,1,2,0,0
PIB,78,PIB-PIR 24 +  ,0,20,13,60,0,4,1,2,0,0
PIB,80,PIB-PIR 24 +  ,0,20,13,60,0,4,1,2,0,0
PIB,82,PIB-PIR 24 +  ,0,20,13,60,0,4,1,2,0,0
PIB,84,PIB-PIR 24 +  ,0,20,13,60,0,4,1,2,0,0
PIB,86,PIB-PIR 24 +  ,0,20,13,60,0,4,1,2,0,0
PIB,88,PIB-PIR 24 +  ,0,20,13,60,0,4,1,2,0,0
PIB,90,PIB-PIR 24 +  ,0,20,13,60,0,4,1,2,0,0
PIB,92,PIB-PIR 24 +  ,0,20,13,60,0,4,1,2,0,0
PIB,94,PIB-PIR 24 +  ,0,20,13,60,0,4,1,2,0,0
PIB,96,PIB-PIR 24 +  ,0,20,13,60,0,4,1,2,0,0
PIB,98,PIB-PIR 24 +  ,0,20,13,60,0,4,1,2,0,0
PIB,100,PIB-PIR 24 +  ,0,20,13,60,0,4,1,2,0,0
PIB,102,PIB-PIR 24 +  ,0,20,13,60,0,4,1,2,0,0
PIB,104,PIB-PIR 24 +  ,0,20,13,60,0,4,1,2,0,0
PIB,106,PIB-PIR 24 +  ,0,20,13,60,0,4,1,2,0,0
PIB,108,PIB-PIR 24 +  ,0,20,13,60,0,4,1,2,0,0
PIB,110,PIB-PIR 24 +  ,0,20,13,60,0,4,1,2,0,0
PIB,112,PIB-PIR 24 +  ,0,20,13,60,0,4,1,2,0,0
PIB,114,PIB-PIR 24 +  ,0,20,13,60,0,4,1,2,0,0
PIB,116,PIB-PIR 24 +  ,0,20,13,60,0,4,1,2,0,0
PIB,118,PIB-PIR 24 +  ,0,20,13,60,0,4,1,2,0,0
PIB,120,PIB-PIR 24 +  ,0,20,13,60,0,4,1,2,0,0
PIB,122,PIB-PIR 24 +  ,0,20,13,60,0,4,1,2,0,0
PIB,124,PIB-PIR 24 +  ,0,20,13,60,0,4,1,2,0,0
PIB,126,PIB-PIR 24 +  ,0,20,13,60,0,4,1,2,0,0
PIB,128,PIB-PIR 24 +  ,0,20,13,60,0,4,1,2,0,0
PIB,130,PIB-PIR 24 +  ,0,20,13,60,0,4,1,2,0,0
PIB,132,PIB-PIR 24 +  ,0,20,13,60,0,4,1,2,0,0
PIB,134,PIB-PIR 24 +  ,0,20,13,60,0,4,1,2,0,0
PIB,136,PIB-PIR 24 +  ,0,20,13,60,0,4,1,2,0,0
PIB,138,PIB-PIR 24 +  ,0,20,13,60,0,4,1,2,0,0
PIB,140,PIB-PIR 24 +  ,0,20,13,60,0,4,1,2,0,0
PIB,142,PIB-PIR 24 +  ,0,20,13,60,0,4,1,2,0,0
PIB,144,PIB-PIR 24 +  ,0,20,13,60,0,4,1,2,0,0
PIB,146,PIB-PIR 24 +  ,0,20,13,60,0,4,1,2,0,0
PIB,148,PIB-PIR 24 +  ,0,20,13,60,0,4,1,2,0,0
PIB,150,PIB-PIR 24 +  ,0,20,13,60,0,4,1,2,0,0
PIB,152,PIB-PIR 24 +  ,0,20,13,60,0,4,1,2,0,0
PIB,154,PIB-PIR 24 +  ,0,20,13,60,0,4,1,2,0,0
PIB,156,PIB-PIR 24 +  ,0,20,13,60,0,4,1,2,0,0
PIB,158,PIB-PIR 24 +  ,0,20,13,60,0,4,1,2,0,0
PIB,160,PIB-PIR 24 +  ,0,20,13,60,0,4,1,2,0,0
PID,10,SEPM  ,0,0,0,0,0,70,3,27,0,0
PID,12,SEPM  ,0,0,0,0,0,87,3,10,0,0
PID,14,SEPM  ,0,0,0,8,0,83,3,6,0,0
PID,16,SEPM  ,0,0,0,44,0,49,3,4,0,0
PID,18,SEPM  ,0,0,0,63,0,31,3,3,0,0
PID,20,SEPM  ,0,0,0,74,0,21,3,2,0,0
PID,22,SEPM  ,0,0,0,81,0,14,3,2,0,0
PID,24,SEPM  ,0,0,0,85,0,10,3,2,0,0
PID,26,SEPM  ,0,0,0,87,0,8,3,2,0,0
PID,28,SEPM  ,0,0,0,89,0,6,3,2,0,0
PID,30,SEPM  ,0,0,0,91,0,4,3,2,0,0
PID,32,SEPM  ,0,0,0,92,0,3,3,2,0,0
PID,34,SEPM  ,0,0,0,94,0,2,3,1,0,0
PID,36,SEPM  ,0,0,0,94,0,2,3,1,0,0
PID,38,SEPM  ,0,0,0,95,0,1,3,1,0,0
PID,40,SEPM  ,0,0,0,95,0,1,3,1,0,0
PID,42,SEPM  ,0,0,0,96,0,0,3,1,0,0
PID,44,SEPM  ,0,0,0,96,0,0,3,1,0,0
PID,46,SEPM  ,0,0,0,96,0,0,3,1,0,0
PID,48,SEPM  ,0,0,0,96,0,0,3,1,0,0
PID,50,SEPM  ,0,0,0,96,0,0,3,1,0,0
PID,52,SEPM  ,0,0,0,96,0,0,3,1,0,0
PID,54,SEPM  ,0,0,0,96,0,0,3,1,0,0
PID,56,SEPM  ,0,0,0,96,0,0,3,1,0,0
PID,58,SEPM  ,0,0,0,96,0,0,3,1,0,0
PID,60,SEPM  ,0,0,0,96,0,0,3,1,0,0
PID,62,SEPM  ,0,0,0,96,0,0,3,1,0,0
PID,64,SEPM  ,0,0,0,96,0,0,3,1,0,0
PID,66,SEPM  ,0,0,0,96,0,0,3,1,0,0
PID,68,SEPM  ,0,0,0,96,0,0,3,1,0,0
PID,70,SEPM  ,0,0,0,96,0,0,3,1,0,0
PID,72,SEPM  ,0,0,0,96,0,0,3,1,0,0
PID,74,SEPM  ,0,0,0,96,0,0,3,1,0,0
PID,76,SEPM  ,0,0,0,96,0,0,3,1,0,0
PID,78,SEPM  ,0,0,0,96,0,0,3,1,0,0
PID,80,SEPM  ,0,0,0,96,0,0,3,1,0,0
PID,82,SEPM  ,0,0,0,96,0,0,3,1,0,0
PID,84,SEPM  ,0,0,0,96,0,0,3,1,0,0
PID,86,SEPM  ,0,0,0,96,0,0,3,1,0,0
PID,88,SEPM  ,0,0,0,96,0,0,3,1,0,0
PID,90,SEPM  ,0,0,0,96,0,0,3,1,0,0
PID,92,SEPM  ,0,0,0,96,0,0,3,1,0,0
PID,94,SEPM  ,0,0,0,96,0,0,3,1,0,0
PID,96,SEPM  ,0,0,0,96,0,0,3,1,0,0
PID,98,SEPM  ,0,0,0,96,0,0,3,1,0,0
PID,100,SEPM  ,0,0,0,96,0,0,3,1,0,0
PID,102,SEPM  ,0,0,0,96,0,0,3,1,0,0
PID,104,SEPM  ,0,0,0,96,0,0,3,1,0,0
PID,106,SEPM  ,0,0,0,96,0,0,3,1,0,0
PID,108,SEPM  ,0,0,0,96,0,0,3,1,0,0
PID,110,SEPM  ,0,0,0,96,0,0,3,1,0,0
PID,112,SEPM  ,0,0,0,96,0,0,3,1,0,0
PID,114,SEPM  ,0,0,0,96,0,0,3,1,0,0
PID,116,SEPM  ,0,0,0,96,0,0,3,1,0,0
PID,118,SEPM  ,0,0,0,96,0,0,3,1,0,0
PID,120,SEPM  ,0,0,0,96,0,0,3,1,0,0
PID,122,SEPM  ,0,0,0,96,0,0,3,1,0,0
PID,124,SEPM  ,0,0,0,96,0,0,3,1,0,0
PID,126,SEPM  ,0,0,0,96,0,0,3,1,0,0
PID,128,SEPM  ,0,0,0,96,0,0,3,1,0,0
PID,130,SEPM  ,0,0,0,96,0,0,3,1,0,0
PID,132,SEPM  ,0,0,0,96,0,0,3,1,0,0
PID,134,SEPM  ,0,0,0,96,0,0,3,1,0,0
PID,136,SEPM  ,0,0,0,96,0,0,3,1,0,0
PID,138,SEPM  ,0,0,0,96,0,0,3,1,0,0
PID,140,SEPM  ,0,0,0,96,0,0,3,1,0,0
PID,142,SEPM  ,0,0,0,96,0,0,3,1,0,0
PID,144,SEPM  ,0,0,0,96,0,0,3,1,0,0
PID,146,SEPM  ,0,0,0,96,0,0,3,1,0,0
PID,148,SEPM  ,0,0,0,96,0,0,3,1,0,0
PID,150,SEPM  ,0,0,0,96,0,0,3,1,0,0
PID,152,SEPM  ,0,0,0,96,0,0,3,1,0,0
PID,154,SEPM  ,0,0,0,96,0,0,3,1,0,0
PID,156,SEPM  ,0,0,0,96,0,0,3,1,0,0
PID,158,SEPM  ,0,0,0,96,0,0,3,1,0,0
PID,160,SEPM  ,0,0,0,96,0,0,3,1,0,0
PIG,10,SEPM  ,0,0,0,0,0,70,3,27,0,0
PIG,12,SEPM  ,0,0,0,0,0,87,3,10,0,0
PIG,14,SEPM  ,0,0,0,8,0,83,3,6,0,0
PIG,16,SEPM  ,0,0,0,44,0,49,3,4,0,0
PIG,18,SEPM  ,0,0,0,63,0,31,3,3,0,0
PIG,20,SEPM  ,0,0,0,74,0,21,3,2,0,0
PIG,22,SEPM  ,0,0,0,81,0,14,3,2,0,0
PIG,24,SEPM  ,0,0,0,85,0,10,3,2,0,0
PIG,26,SEPM  ,0,0,0,87,0,8,3,2,0,0
PIG,28,SEPM  ,0,0,0,89,0,6,3,2,0,0
PIG,30,SEPM  ,0,0,0,91,0,4,3,2,0,0
PIG,32,SEPM  ,0,0,0,92,0,3,3,2,0,0
PIG,34,SEPM  ,0,0,0,94,0,2,3,1,0,0
PIG,36,SEPM  ,0,0,0,94,0,2,3,1,0,0
PIG,38,SEPM  ,0,0,0,95,0,1,3,1,0,0
PIG,40,SEPM  ,0,0,0,95,0,1,3,1,0,0
PIG,42,SEPM  ,0,0,0,96,0,0,3,1,0,0
PIG,44,SEPM  ,0,0,0,96,0,0,3,1,0,0
PIG,46,SEPM  ,0,0,0,96,0,0,3,1,0,0
PIG,48,SEPM  ,0,0,0,96,0,0,3,1,0,0
PIG,50,SEPM  ,0,0,0,96,0,0,3,1,0,0
PIG,52,SEPM  ,0,0,0,96,0,0,3,1,0,0
PIG,54,SEPM  ,0,0,0,96,0,0,3,1,0,0
PIG,56,SEPM  ,0,0,0,96,0,0,3,1,0,0
PIG,58,SEPM  ,0,0,0,96,0,0,3,1,0,0
PIG,60,SEPM  ,0,0,0,96,0,0,3,1,0,0
PIG,62,SEPM  ,0,0,0,96,0,0,3,1,0,0
PIG,64,SEPM  ,0,0,0,96,0,0,3,1,0,0
PIG,66,SEPM  ,0,0,0,96,0,0,3,1,0,0
PIG,68,SEPM  ,0,0,0,96,0,0,3,1,0,0
PIG,70,SEPM  ,0,0,0,96,0,0,3,1,0,0
PIG,72,SEPM  ,0,0,0,96,0,0,3,1,0,0
PIG,74,SEPM  ,0,0,0,96,0,0,3,1,0,0
PIG,76,SEPM  ,0,0,0,96,0,0,3,1,0,0
PIG,78,SEPM  ,0,0,0,96,0,0,3,1,0,0
PIG,80,SEPM  ,0,0,0,96,0,0,3,1,0,0
PIG,82,SEPM  ,0,0,0,96,0,0,3,1,0,0
PIG,84,SEPM  ,0,0,0,96,0,0,3,1,0,0
PIG,86,SEPM  ,0,0,0,96,0,0,3,1,0,0
PIG,88,SEPM  ,0,0,0,96,0,0,3,1,0,0
PIG,90,SEPM  ,0,0,0,96,0,0,3,1,0,0
PIG,92,SEPM  ,0,0,0,96,0,0,3,1,0,0
PIG,94,SEPM  ,0,0,0,96,0,0,3,1,0,0
PIG,96,SEPM  ,0,0,0,96,0,0,3,1,0,0
PIG,98,SEPM  ,0,0,0,96,0,0,3,1,0,0
PIG,100,SEPM  ,0,0,0,96,0,0,3,1,0,0
PIG,102,SEPM  ,0,0,0,96,0,0,3,1,0,0
PIG,104,SEPM  ,0,0,0,96,0,0,3,1,0,0
PIG,106,SEPM  ,0,0,0,96,0,0,3,1,0,0
PIG,108,SEPM  ,0,0,0,96,0,0,3,1,0,0
PIG,110,SEPM  ,0,0,0,96,0,0,3,1,0,0
PIG,112,SEPM  ,0,0,0,96,0,0,3,1,0,0
PIG,114,SEPM  ,0,0,0,96,0,0,3,1,0,0
PIG,116,SEPM  ,0,0,0,96,0,0,3,1,0,0
PIG,118,SEPM  ,0,0,0,96,0,0,3,1,0,0
PIG,120,SEPM  ,0,0,0,96,0,0,3,1,0,0
PIG,122,SEPM  ,0,0,0,96,0,0,3,1,0,0
PIG,124,SEPM  ,0,0,0,96,0,0,3,1,0,0
PIG,126,SEPM  ,0,0,0,96,0,0,3,1,0,0
PIG,128,SEPM  ,0,0,0,96,0,0,3,1,0,0
PIG,130,SEPM  ,0,0,0,96,0,0,3,1,0,0
PIG,132,SEPM  ,0,0,0,96,0,0,3,1,0,0
PIG,134,SEPM  ,0,0,0,96,0,0,3,1,0,0
PIG,136,SEPM  ,0,0,0,96,0,0,3,1,0,0
PIG,138,SEPM  ,0,0,0,96,0,0,3,1,0,0
PIG,140,SEPM  ,0,0,0,96,0,0,3,1,0,0
PIG,142,SEPM  ,0,0,0,96,0,0,3,1,0,0
PIG,144,SEPM  ,0,0,0,96,0,0,3,1,0,0
PIG,146,SEPM  ,0,0,0,96,0,0,3,1,0,0
PIG,148,SEPM  ,0,0,0,96,0,0,3,1,0,0
PIG,150,SEPM  ,0,0,0,96,0,0,3,1,0,0
PIG,152,SEPM  ,0,0,0,96,0,0,3,1,0,0
PIG,154,SEPM  ,0,0,0,96,0,0,3,1,0,0
PIG,156,SEPM  ,0,0,0,96,0,0,3,1,0,0
PIG,158,SEPM  ,0,0,0,96,0,0,3,1,0,0
PIG,160,SEPM  ,0,0,0,96,0,0,3,1,0,0
PIR,10,PIB-PIR 10-22  ,0,0,0,0,0,62,2,36,0,0
PIR,12,PIB-PIR 10-22  ,0,0,0,0,0,80,2,18,0,0
PIR,14,PIB-PIR 10-22  ,0,0,0,0,0,87,2,11,0,0
PIR,16,PIB-PIR 10-22  ,0,0,0,0,0,90,2,8,0,0
PIR,18,PIB-PIR 10-22  ,0,0,0,0,0,90,2,8,0,0
PIR,20,PIB-PIR 10-22  ,0,0,0,0,0,90,2,8,0,0
PIR,22,PIB-PIR 10-22  ,0,0,0,0,0,90,2,8,0,0
PIR,24,PIB-PIR 24 +  ,0,0,20.72727,48.54546,0,20.72727,2,8,0,0
PIR,26,PIB-PIR 24 +  ,0,0,22.43478,47.21739,0,20.34783,2,8,0,0
PIR,28,PIB-PIR 24 +  ,0,0,24,46,0,20,2,8,0,0
PIR,30,PIB-PIR 24 +  ,0,0,26.13699,44.63014,0,19.23288,2,8,0,0
PIR,32,PIB-PIR 24 +  ,0,0,28.21622,43.2973,0,18.48649,2,8,0,0
PIR,34,PIB-PIR 24 +  ,0,0,31.92,44.33333,0,18.74667,2,3,0,0
PIR,36,PIB-PIR 24 +  ,0,0,34,43,0,18,2,3,0,0
PIR,38,PIB-PIR 24 +  ,0,0,34,43,0,18,2,3,0,0
PIR,40,PIB-PIR 24 +  ,0,10.33771,27.62664,42.77674,0,14.25891,3,2,0,0
PIR,42,PIB-PIR 24 +  ,0,10.89003,26.11836,44.71109,0,13.28052,3,2,0,0
PIR,44,PIB-PIR 24 +  ,0,11.43519,24.62963,46.62037,0,12.31481,3,2,0,0
PIR,46,PIB-PIR 24 +  ,0,12.17493,23.55005,47.72217,0,11.55285,3,2,0,0
PIR,48,PIB-PIR 24 +  ,0,12.93006,22.44802,48.84688,0,10.77505,3,2,0,0
PIR,50,PIB-PIR 24 +  ,0,13.98949,21.77173,51.04776,0,10.19102,1,2,0,0
PIR,52,PIB-PIR 24 +  ,0,14.79344,20.59846,52.24517,0,9.362934,1,2,0,0
PIR,54,PIB-PIR 24 +  ,0,15.61463,19.4,53.46829,0,8.517074,1,2,0,0
PIR,56,PIB-PIR 24 +  ,0,16.45365,18.17554,54.71795,0,7.65286,1,2,0,0
PIR,58,PIB-PIR 24 +  ,0,17.31107,16.92423,55.99501,0,6.769691,1,2,0,0
PIR,60,PIB-PIR 24 +  ,0,18.1875,15.64516,57.3004,0,5.866935,1,2,0,0
PIR,62,PIB-PIR 24 +  ,0,19.08359,14.33741,58.63507,0,4.943935,1,2,0,0
PIR,64,PIB-PIR 24 +  ,0,20,13,60,0,4,1,2,0,0
PIR,66,PIB-PIR 24 +  ,0,20,13,60,0,4,1,2,0,0
PIR,68,PIB-PIR 24 +  ,0,20,13,60,0,4,1,2,0,0
PIR,70,PIB-PIR 24 +  ,0,20,13,60,0,4,1,2,0,0
PIR,72,PIB-PIR 24 +  ,0,20,13,60,0,4,1,2,0,0
PIR,74,PIB-PIR 24 +  ,0,20,13,60,0,4,1,2,0,0
PIR,76,PIB-PIR 24 +  ,0,20,13,60,0,4,1,2,0,0
PIR,78,PIB-PIR 24 +  ,0,20,13,60,0,4,1,2,0,0
PIR,80,PIB-PIR 24 +  ,0,20,13,60,0,4,1,2,0,0
PIR,82,PIB-PIR 24 +  ,0,20,13,60,0,4,1,2,0,0
PIR,84,PIB-PIR 24 +  ,0,20,13,60,0,4,1,2,0,0
PIR,86,PIB-PIR 24 +  ,0,20,13,60,0,4,1,2,0,0
PIR,88,PIB-PIR 24 +  ,0,20,13,60,0,4,1,2,0,0
PIR,90,PIB-PIR 24 +  ,0,20,13,60,0,4,1,2,0,0
PIR,92,PIB-PIR 24 +  ,0,20,13,60,0,4,1,2,0,0
PIR,94,PIB-PIR 24 +  ,0,20,13,60,0,4,1,2,0,0
PIR,96,PIB-PIR 24 +  ,0,20,13,60,0,4,1,2,0,0
PIR,98,PIB-PIR 24 +  ,0,20,13,60,0,4,1,2,0,0
PIR,100,PIB-PIR 24 +  ,0,20,13,60,0,4,1,2,0,0
PIR,102,PIB-PIR 24 +  ,0,20,13,60,0,4,1,2,0,0
PIR,104,PIB-PIR 24 +  ,0,20,13,60,0,4,1,2,0,0
PIR,106,PIB-PIR 24 +  ,0,20,13,60,0,4,1,2,0,0
PIR,108,PIB-PIR 24 +  ,0,20,13,60,0,4,1,2,0,0
PIR,110,PIB-PIR 24 +  ,0,20,13,60,0,4,1,2,0,0
PIR,112,PIB-PIR 24 +  ,0,20,13,60,0,4,1,2,0,0
PIR,114,PIB-PIR 24 +  ,0,20,13,60,0,4,1,2,0,0
PIR,116,PIB-PIR 24 +  ,0,20,13,60,0,4,1,2,0,0
PIR,118,PIB-PIR 24 +  ,0,20,13,60,0,4,1,2,0,0
PIR,120,PIB-PIR 24 +  ,0,20,13,60,0,4,1,2,0,0
PIR,122,PIB-PIR 24 +  ,0,20,13,60,0,4,1,2,0,0
PIR,124,PIB-PIR 24 +  ,0,20,13,60,0,4,1,2,0,0
PIR,126,PIB-PIR 24 +  ,0,20,13,60,0,4,1,2,0,0
PIR,128,PIB-PIR 24 +  ,0,20,13,60,0,4,1,2,0,0
PIR,130,PIB-PIR 24 +  ,0,20,13,60,0,4,1,2,0,0
PIR,132,PIB-PIR 24 +  ,0,20,13,60,0,4,1,2,0,0
PIR,134,PIB-PIR 24 +  ,0,20,13,60,0,4,1,2,0,0
PIR,136,PIB-PIR 24 +  ,0,20,13,60,0,4,1,2,0,0
PIR,138,PIB-PIR 24 +  ,0,20,13,60,0,4,1,2,0,0
PIR,140,PIB-PIR 24 +  ,0,20,13,60,0,4,1,2,0,0
PIR,142,PIB-PIR 24 +  ,0,20,13,60,0,4,1,2,0,0
PIR,144,PIB-PIR 24 +  ,0,20,13,60,0,4,1,2,0,0
PIR,146,PIB-PIR 24 +  ,0,20,13,60,0,4,1,2,0,0
PIR,148,PIB-PIR 24 +  ,0,20,13,60,0,4,1,2,0,0
PIR,150,PIB-PIR 24 +  ,0,20,13,60,0,4,1,2,0,0
PIR,152,PIB-PIR 24 +  ,0,20,13,60,0,4,1,2,0,0
PIR,154,PIB-PIR 24 +  ,0,20,13,60,0,4,1,2,0,0
PIR,156,PIB-PIR 24 +  ,0,20,13,60,0,4,1,2,0,0
PIR,158,PIB-PIR 24 +  ,0,20,13,60,0,4,1,2,0,0
PIR,160,PIB-PIR 24 +  ,0,20,13,60,0,4,1,2,0,0
PIS,10,SEPM  ,0,0,0,0,0,70,3,27,0,0
PIS,12,SEPM  ,0,0,0,0,0,87,3,10,0,0
PIS,14,SEPM  ,0,0,0,8,0,83,3,6,0,0
PIS,16,SEPM  ,0,0,0,44,0,49,3,4,0,0
PIS,18,SEPM  ,0,0,0,63,0,31,3,3,0,0
PIS,20,SEPM  ,0,0,0,74,0,21,3,2,0,0
PIS,22,SEPM  ,0,0,0,81,0,14,3,2,0,0
PIS,24,SEPM  ,0,0,0,85,0,10,3,2,0,0
PIS,26,SEPM  ,0,0,0,87,0,8,3,2,0,0
PIS,28,SEPM  ,0,0,0,89,0,6,3,2,0,0
PIS,30,SEPM  ,0,0,0,91,0,4,3,2,0,0
PIS,32,SEPM  ,0,0,0,92,0,3,3,2,0,0
PIS,34,SEPM  ,0,0,0,94,0,2,3,1,0,0
PIS,36,SEPM  ,0,0,0,94,0,2,3,1,0,0
PIS,38,SEPM  ,0,0,0,95,0,1,3,1,0,0
PIS,40,SEPM  ,0,0,0,95,0,1,3,1,0,0
PIS,42,SEPM  ,0,0,0,96,0,0,3,1,0,0
PIS,44,SEPM  ,0,0,0,96,0,0,3,1,0,0
PIS,46,SEPM  ,0,0,0,96,0,0,3,1,0,0
PIS,48,SEPM  ,0,0,0,96,0,0,3,1,0,0
PIS,50,SEPM  ,0,0,0,96,0,0,3,1,0,0
PIS,52,SEPM  ,0,0,0,96,0,0,3,1,0,0
PIS,54,SEPM  ,0,0,0,96,0,0,3,1,0,0
PIS,56,SEPM  ,0,0,0,96,0,0,3,1,0,0
PIS,58,SEPM  ,0,0,0,96,0,0,3,1,0,0
PIS,60,SEPM  ,0,0,0,96,0,0,3,1,0,0
PIS,62,SEPM  ,0,0,0,96,0,0,3,1,0,0
PIS,64,SEPM  ,0,0,0,96,0,0,3,1,0,0
PIS,66,SEPM  ,0,0,0,96,0,0,3,1,0,0
PIS,68,SEPM  ,0,0,0,96,0,0,3,1,0,0
PIS,70,SEPM  ,0,0,0,96,0,0,3,1,0,0
PIS,72,SEPM  ,0,0,0,96,0,0,3,1,0,0
PIS,74,SEPM  ,0,0,0,96,0,0,3,1,0,0
PIS,76,SEPM  ,0,0,0,96,0,0,3,1,0,0
PIS,78,SEPM  ,0,0,0,96,0,0,3,1,0,0
PIS,80,SEPM  ,0,0,0,96,0,0,3,1,0,0
PIS,82,SEPM  ,0,0,0,96,0,0,3,1,0,0
PIS,84,SEPM  ,0,0,0,96,0,0,3,1,0,0
PIS,86,SEPM  ,0,0,0,96,0,0,3,1,0,0
PIS,88,SEPM  ,0,0,0,96,0,0,3,1,0,0
PIS,90,SEPM  ,0,0,0,96,0,0,3,1,0,0
PIS,92,SEPM  ,0,0,0,96,0,0,3,1,0,0
PIS,94,SEPM  ,0,0,0,96,0,0,3,1,0,0
PIS,96,SEPM  ,0,0,0,96,0,0,3,1,0,0
PIS,98,SEPM  ,0,0,0,96,0,0,3,1,0,0
PIS,100,SEPM  ,0,0,0,96,0,0,3,1,0,0
PIS,102,SEPM  ,0,0,0,96,0,0,3,1,0,0
PIS,104,SEPM  ,0,0,0,96,0,0,3,1,0,0
PIS,106,SEPM  ,0,0,0,96,0,0,3,1,0,0
PIS,108,SEPM  ,0,0,0,96,0,0,3,1,0,0
PIS,110,SEPM  ,0,0,0,96,0,0,3,1,0,0
PIS,112,SEPM  ,0,0,0,96,0,0,3,1,0,0
PIS,114,SEPM  ,0,0,0,96,0,0,3,1,0,0
PIS,116,SEPM  ,0,0,0,96,0,0,3,1,0,0
PIS,118,SEPM  ,0,0,0,96,0,0,3,1,0,0
PIS,120,SEPM  ,0,0,0,96,0,0,3,1,0,0
PIS,122,SEPM  ,0,0,0,96,0,0,3,1,0,0
PIS,124,SEPM  ,0,0,0,96,0,0,3,1,0,0
PIS,126,SEPM  ,0,0,0,96,0,0,3,1,0,0
PIS,128,SEPM  ,0,0,0,96,0,0,3,1,0,0
PIS,130,SEPM  ,0,0,0,96,0,0,3,1,0,0
PIS,132,SEPM  ,0,0,0,96,0,0,3,1,0,0
PIS,134,SEPM  ,0,0,0,96,0,0,3,1,0,0
PIS,136,SEPM  ,0,0,0,96,0,0,3,1,0,0
PIS,138,SEPM  ,0,0,0,96,0,0,3,1,0,0
PIS,140,SEPM  ,0,0,0,96,0,0,3,1,0,0
PIS,142,SEPM  ,0,0,0,96,0,0,3,1,0,0
PIS,144,SEPM  ,0,0,0,96,0,0,3,1,0,0
PIS,146,SEPM  ,0,0,0,96,0,0,3,1,0,0
PIS,148,SEPM  ,0,0,0,96,0,0,3,1,0,0
PIS,150,SEPM  ,0,0,0,96,0,0,3,1,0,0
PIS,152,SEPM  ,0,0,0,96,0,0,3,1,0,0
PIS,154,SEPM  ,0,0,0,96,0,0,3,1,0,0
PIS,156,SEPM  ,0,0,0,96,0,0,3,1,0,0
PIS,158,SEPM  ,0,0,0,96,0,0,3,1,0,0
PIS,160,SEPM  ,0,0,0,96,0,0,3,1,0,0
PRU,10,PRU - THO  ,0,0,0,0,0,62,2,36,0,0
PRU,12,PRU - THO  ,0,0,0,0,0,90,2,8,0,0
PRU,14,PRU - THO  ,0,0,0,0,0,97,2,1,0,0
PRU,16,PRU - THO  ,0,0,0,0,0,97,2,1,0,0
PRU,18,PRU - THO  ,0,0,0,0,0,97,2,1,0,0
PRU,20,PRU - THO  ,0,0,0,0,0,97,2,1,0,0
PRU,22,PRU - THO  ,0,0,0,0,0,97,2,1,0,0
PRU,24,PRU - THO  ,0,0,0,0,0,97,2,1,0,0
PRU,26,PRU - THO  ,0,0,0,0,0,97,2,1,0,0
PRU,28,PRU - THO  ,0,0,0,0,0,97,2,1,0,0
PRU,30,PRU - THO  ,0,0,0,50,0,47,2,1,0,0
PRU,32,PRU - THO  ,0,0,0,50,0,47,2,1,0,0
PRU,34,PRU - THO  ,0,0,0,50,0,47,2,1,0,0
PRU,36,PRU - THO  ,0,0,0,50,0,47,2,1,0,0
PRU,38,PRU - THO  ,0,0,0,50,0,47,2,1,0,0
PRU,40,PRU - THO  ,0,0,0,50,0,47,2,1,0,0
PRU,42,PRU - THO  ,0,0,0,50,0,47,2,1,0,0
PRU,44,PRU - THO  ,0,0,0,50,0,47,2,1,0,0
PRU,46,PRU - THO  ,0,0,0,50,0,47,2,1,0,0
PRU,48,PRU - THO  ,0,0,0,50,0,47,2,1,0,0
PRU,50,PRU - THO  ,0,0,0,50,0,47,2,1,0,0
PRU,52,PRU - THO  ,0,0,0,50,0,47,2,1,0,0
PRU,54,PRU - THO  ,0,0,0,50,0,47,2,1,0,0
PRU,56,PRU - THO  ,0,0,0,50,0,47,2,1,0,0
PRU,58,PRU - THO  ,0,0,0,50,0,47,2,1,0,0
PRU,60,PRU - THO  ,0,0,0,50,0,47,2,1,0,0
PRU,62,PRU - THO  ,0,0,0,50,0,47,2,1,0,0
PRU,64,PRU - THO  ,0,0,0,50,0,47,2,1,0,0
PRU,66,PRU - THO  ,0,0,0,50,0,47,2,1,0,0
PRU,68,PRU - THO  ,0,0,0,50,0,47,2,1,0,0
PRU,70,PRU - THO  ,0,0,0,50,0,47,2,1,0,0
PRU,72,PRU - THO  ,0,0,0,50,0,47,2,1,0,0
PRU,74,PRU - THO  ,0,0,0,50,0,47,2,1,0,0
PRU,76,PRU - THO  ,0,0,0,50,0,47,2,1,0,0
PRU,78,PRU - THO  ,0,0,0,50,0,47,2,1,0,0
PRU,80,PRU - THO  ,0,0,0,50,0,47,2,1,0,0
PRU,82,PRU - THO  ,0,0,0,50,0,47,2,1,0,0
PRU,84,PRU - THO  ,0,0,0,50,0,47,2,1,0,0
PRU,86,PRU - THO  ,0,0,0,50,0,47,2,1,0,0
PRU,88,PRU - THO  ,0,0,0,50,0,47,2,1,0,0
PRU,90,PRU - THO  ,0,0,0,50,0,47,2,1,0,0
PRU,92,PRU - THO  ,0,0,0,50,0,47,2,1,0,0
PRU,94,PRU - THO  ,0,0,0,50,0,47,2,1,0,0
PRU,96,PRU - THO  ,0,0,0,50,0,47,2,1,0,0
PRU,98,PRU - THO  ,0,0,0,50,0,47,2,1,0,0
PRU,100,PRU - THO  ,0,0,0,50,0,47,2,1,0,0
PRU,102,PRU - THO  ,0,0,0,50,0,47,2,1,0,0
PRU,104,PRU - THO  ,0,0,0,50,0,47,2,1,0,0
PRU,106,PRU - THO  ,0,0,0,50,0,47,2,1,0,0
PRU,108,PRU - THO  ,0,0,0,50,0,47,2,1,0,0
PRU,110,PRU - THO  ,0,0,0,50,0,47,2,1,0,0
PRU,112,PRU - THO  ,0,0,0,50,0,47,2,1,0,0
PRU,114,PRU - THO  ,0,0,0,50,0,47,2,1,0,0
PRU,116,PRU - THO  ,0,0,0,50,0,47,2,1,0,0
PRU,118,PRU - THO  ,0,0,0,50,0,47,2,1,0,0
PRU,120,PRU - THO  ,0,0,0,50,0,47,2,1,0,0
PRU,122,PRU - THO  ,0,0,0,50,0,47,2,1,0,0
PRU,124,PRU - THO  ,0,0,0,50,0,47,2,1,0,0
PRU,126,PRU - THO  ,0,0,0,50,0,47,2,1,0,0
PRU,128,PRU - THO  ,0,0,0,50,0,47,2,1,0,0
PRU,130,PRU - THO  ,0,0,0,50,0,47,2,1,0,0
PRU,132,PRU - THO  ,0,0,0,50,0,47,2,1,0,0
PRU,134,PRU - THO  ,0,0,0,50,0,47,2,1,0,0
PRU,136,PRU - THO  ,0,0,0,50,0,47,2,1,0,0
PRU,138,PRU - THO  ,0,0,0,50,0,47,2,1,0,0
PRU,140,PRU - THO  ,0,0,0,50,0,47,2,1,0,0
PRU,142,PRU - THO  ,0,0,0,50,0,47,2,1,0,0
PRU,144,PRU - THO  ,0,0,0,50,0,47,2,1,0,0
PRU,146,PRU - THO  ,0,0,0,50,0,47,2,1,0,0
PRU,148,PRU - THO  ,0,0,0,50,0,47,2,1,0,0
PRU,150,PRU - THO  ,0,0,0,50,0,47,2,1,0,0
PRU,152,PRU - THO  ,0,0,0,50,0,47,2,1,0,0
PRU,154,PRU - THO  ,0,0,0,50,0,47,2,1,0,0
PRU,156,PRU - THO  ,0,0,0,50,0,47,2,1,0,0
PRU,158,PRU - THO  ,0,0,0,50,0,47,2,1,0,0
PRU,160,PRU - THO  ,0,0,0,50,0,47,2,1,0,0
SAB,10,SEPM  ,0,0,0,0,0,67,4,29,0,0
SAB,12,SEPM  ,0,0,0,0,0,84,4,12,0,0
SAB,14,SEPM  ,0,0,0,20,0,69,4,7,0,0
SAB,16,SEPM  ,0,0,0,48,0,44,4,4,0,0
SAB,18,SEPM  ,0,0,0,64,0,29,4,3,0,0
SAB,20,SEPM  ,0,0,0,73,0,20,4,3,0,0
SAB,22,SEPM  ,0,0,0,80,0,14,4,2,0,0
SAB,24,SEPM  ,0,0,0,84,0,10,4,2,0,0
SAB,26,SEPM  ,0,0,0,86,0,8,4,2,0,0
SAB,28,SEPM  ,0,0,0,89,0,5,4,2,0,0
SAB,30,SEPM  ,0,0,0,90,0,4,4,2,0,0
SAB,32,SEPM  ,0,0,0,91,0,3,4,2,0,0
SAB,34,SEPM  ,0,0,0,93,0,2,4,1,0,0
SAB,36,SEPM  ,0,0,0,94,0,1,4,1,0,0
SAB,38,SEPM  ,0,0,0,94,0,1,4,1,0,0
SAB,40,SEPM  ,0,0,0,95,0,0,4,1,0,0
SAB,42,SEPM  ,0,0,0,95,0,0,4,1,0,0
SAB,44,SEPM  ,0,0,0,95,0,0,4,1,0,0
SAB,46,SEPM  ,0,0,0,95,0,0,4,1,0,0
SAB,48,SEPM  ,0,0,0,95,0,0,4,1,0,0
SAB,50,SEPM  ,0,0,0,95,0,0,4,1,0,0
SAB,52,SEPM  ,0,0,0,95,0,0,4,1,0,0
SAB,54,SEPM  ,0,0,0,95,0,0,4,1,0,0
SAB,56,SEPM  ,0,0,0,95,0,0,4,1,0,0
SAB,58,SEPM  ,0,0,0,95,0,0,4,1,0,0
SAB,60,SEPM  ,0,0,0,95,0,0,4,1,0,0
SAB,62,SEPM  ,0,0,0,95,0,0,4,1,0,0
SAB,64,SEPM  ,0,0,0,95,0,0,4,1,0,0
SAB,66,SEPM  ,0,0,0,95,0,0,4,1,0,0
SAB,68,SEPM  ,0,0,0,95,0,0,4,1,0,0
SAB,70,SEPM  ,0,0,0,95,0,0,4,1,0,0
SAB,72,SEPM  ,0,0,0,95,0,0,4,1,0,0
SAB,74,SEPM  ,0,0,0,95,0,0,4,1,0,0
SAB,76,SEPM  ,0,0,0,95,0,0,4,1,0,0
SAB,78,SEPM  ,0,0,0,95,0,0,4,1,0,0
SAB,80,SEPM  ,0,0,0,95,0,0,4,1,0,0
SAB,82,SEPM  ,0,0,0,95,0,0,4,1,0,0
SAB,84,SEPM  ,0,0,0,95,0,0,4,1,0,0
SAB,86,SEPM  ,0,0,0,95,0,0,4,1,0,0
SAB,88,SEPM  ,0,0,0,95,0,0,4,1,0,0
SAB,90,SEPM  ,0,0,0,95,0,0,4,1,0,0
SAB,92,SEPM  ,0,0,0,95,0,0,4,1,0,0
SAB,94,SEPM  ,0,0,0,95,0,0,4,1,0,0
SAB,96,SEPM  ,0,0,0,95,0,0,4,1,0,0
SAB,98,SEPM  ,0,0,0,95,0,0,4,1,0,0
SAB,100,SEPM  ,0,0,0,95,0,0,4,1,0,0
SAB,102,SEPM  ,0,0,0,95,0,0,4,1,0,0
SAB,104,SEPM  ,0,0,0,95,0,0,4,1,0,0
SAB,106,SEPM  ,0,0,0,95,0,0,4,1,0,0
SAB,108,SEPM  ,0,0,0,95,0,0,4,1,0,0
SAB,110,SEPM  ,0,0,0,95,0,0,4,1,0,0
SAB,112,SEPM  ,0,0,0,95,0,0,4,1,0,0
SAB,114,SEPM  ,0,0,0,95,0,0,4,1,0,0
SAB,116,SEPM  ,0,0,0,95,0,0,4,1,0,0
SAB,118,SEPM  ,0,0,0,95,0,0,4,1,0,0
SAB,120,SEPM  ,0,0,0,95,0,0,4,1,0,0
SAB,122,SEPM  ,0,0,0,95,0,0,4,1,0,0
SAB,124,SEPM  ,0,0,0,95,0,0,4,1,0,0
SAB,126,SEPM  ,0,0,0,95,0,0,4,1,0,0
SAB,128,SEPM  ,0,0,0,95,0,0,4,1,0,0
SAB,130,SEPM  ,0,0,0,95,0,0,4,1,0,0
SAB,132,SEPM  ,0,0,0,95,0,0,4,1,0,0
SAB,134,SEPM  ,0,0,0,95,0,0,4,1,0,0
SAB,136,SEPM  ,0,0,0,95,0,0,4,1,0,0
SAB,138,SEPM  ,0,0,0,95,0,0,4,1,0,0
SAB,140,SEPM  ,0,0,0,95,0,0,4,1,0,0
SAB,142,SEPM  ,0,0,0,95,0,0,4,1,0,0
SAB,144,SEPM  ,0,0,0,95,0,0,4,1,0,0
SAB,146,SEPM  ,0,0,0,95,0,0,4,1,0,0
SAB,148,SEPM  ,0,0,0,95,0,0,4,1,0,0
SAB,150,SEPM  ,0,0,0,95,0,0,4,1,0,0
SAB,152,SEPM  ,0,0,0,95,0,0,4,1,0,0
SAB,154,SEPM  ,0,0,0,95,0,0,4,1,0,0
SAB,156,SEPM  ,0,0,0,95,0,0,4,1,0,0
SAB,158,SEPM  ,0,0,0,95,0,0,4,1,0,0
SAB,160,SEPM  ,0,0,0,95,0,0,4,1,0,0
THO,10,PRU - THO  ,0,0,0,0,0,78,4,18,0,0
THO,12,PRU - THO  ,0,0,0,0,0,86,4,10,0,0
THO,14,PRU - THO  ,0,0,0,0,0,91,4,5,0,0
THO,16,PRU - THO  ,0,0,0,0,0,92,4,4,0,0
THO,18,PRU - THO  ,0,0,0,3,0,7,8,3,0,79
THO,20,PRU - THO  ,0,0,0,3,0,7,8,3,0,79
THO,22,PRU - THO  ,0,0,0,3,0,8,8,2,0,79
THO,24,PRU - THO  ,0,0,0,3,0,8,8,2,0,79
THO,26,PRU - THO  ,0,0,0,3,0,8,8,2,0,79
THO,28,PRU - THO  ,0,0,0,3,0,8,8,2,0,79
THO,30,PRU - THO  ,0,0,0,3,0,8,8,2,0,79
THO,32,PRU - THO  ,0,0,0,3,0,9,8,1,0,79
THO,34,PRU - THO  ,0,0,0,3,0,9,8,1,0,79
THO,36,PRU - THO  ,0,0,0,3,0,9,8,1,0,79
THO,38,PRU - THO  ,0,0,0,3,0,9,8,1,0,79
THO,40,PRU - THO  ,0,0,0,3,0,9,8,1,0,79
THO,42,PRU - THO  ,0,0,0,3,0,9,8,1,0,79
THO,44,PRU - THO  ,0,0,0,3,0,9,8,1,0,79
THO,46,PRU - THO  ,0,0,0,3,0,9,8,1,0,79
THO,48,PRU - THO  ,0,0,0,3,0,9,8,1,0,79
THO,50,PRU - THO  ,0,0,0,3,0,9,8,1,0,79
THO,52,PRU - THO  ,0,0,0,3,0,9,8,1,0,79
THO,54,PRU - THO  ,0,0,0,3,0,9,8,1,0,79
THO,56,PRU - THO  ,0,0,0,3,0,9,8,1,0,79
THO,58,PRU - THO  ,0,0,0,3,0,9,8,1,0,79
THO,60,PRU - THO  ,0,0,0,3,0,9,8,1,0,79
THO,62,PRU - THO  ,0,0,0,3,0,9,8,1,0,79
THO,64,PRU - THO  ,0,0,0,3,0,9,8,1,0,79
THO,66,PRU - THO  ,0,0,0,3,0,9,8,1,0,79
THO,68,PRU - THO  ,0,0,0,3,0,9,8,1,0,79
THO,70,PRU - THO  ,0,0,0,3,0,9,8,1,0,79
THO,72,PRU - THO  ,0,0,0,3,0,9,8,1,0,79
THO,74,PRU - THO  ,0,0,0,3,0,9,8,1,0,79
THO,76,PRU - THO  ,0,0,0,3,0,9,8,1,0,79
THO,78,PRU - THO  ,0,0,0,3,0,9,8,1,0,79
THO,80,PRU - THO  ,0,0,0,3,0,9,8,1,0,79
THO,82,PRU - THO  ,0,0,0,3,0,9,8,1,0,79
THO,84,PRU - THO  ,0,0,0,3,0,9,8,1,0,79
THO,86,PRU - THO  ,0,0,0,3,0,9,8,1,0,79
THO,88,PRU - THO  ,0,0,0,3,0,9,8,1,0,79
THO,90,PRU - THO  ,0,0,0,3,0,9,8,1,0,79
THO,92,PRU - THO  ,0,0,0,3,0,9,8,1,0,79
THO,94,PRU - THO  ,0,0,0,3,0,9,8,1,0,79
THO,96,PRU - THO  ,0,0,0,3,0,9,8,1,0,79
THO,98,PRU - THO  ,0,0,0,3,0,9,8,1,0,79
THO,100,PRU - THO  ,0,0,0,3,0,9,8,1,0,79
THO,102,PRU - THO  ,0,0,0,3,0,9,8,1,0,79
THO,104,PRU - THO  ,0,0,0,3,0,9,8,1,0,79
THO,106,PRU - THO  ,0,0,0,3,0,9,8,1,0,79
THO,108,PRU - THO  ,0,0,0,3,0,9,8,1,0,79
THO,110,PRU - THO  ,0,0,0,3,0,9,8,1,0,79
THO,112,PRU - THO  ,0,0,0,3,0,9,8,1,0,79
THO,114,PRU - THO  ,0,0,0,3,0,9,8,1,0,79
THO,116,PRU - THO  ,0,0,0,3,0,9,8,1,0,79
THO,118,PRU - THO  ,0,0,0,3,0,9,8,1,0,79
THO,120,PRU - THO  ,0,0,0,3,0,9,8,1,0,79
THO,122,PRU - THO  ,0,0,0,3,0,9,8,1,0,79
THO,124,PRU - THO  ,0,0,0,3,0,9,8,1,0,79
THO,126,PRU - THO  ,0,0,0,3,0,9,8,1,0,79
THO,128,PRU - THO  ,0,0,0,3,0,9,8,1,0,79
THO,130,PRU - THO  ,0,0,0,3,0,9,8,1,0,79
THO,132,PRU - THO  ,0,0,0,3,0,9,8,1,0,79
THO,134,PRU - THO  ,0,0,0,3,0,9,8,1,0,79
THO,136,PRU - THO  ,0,0,0,3,0,9,8,1,0,79
THO,138,PRU - THO  ,0,0,0,3,0,9,8,1,0,79
THO,140,PRU - THO  ,0,0,0,3,0,9,8,1,0,79
THO,142,PRU - THO  ,0,0,0,3,0,9,8,1,0,79
THO,144,PRU - THO  ,0,0,0,3,0,9,8,1,0,79
THO,146,PRU - THO  ,0,0,0,3,0,9,8,1,0,79
THO,148,PRU - THO  ,0,0,0,3,0,9,8,1,0,79
THO,150,PRU - THO  ,0,0,0,3,0,9,8,1,0,79
THO,152,PRU - THO  ,0,0,0,3,0,9,8,1,0,79
THO,154,PRU - THO  ,0,0,0,3,0,9,8,1,0,79
THO,156,PRU - THO  ,0,0,0,3,0,9,8,1,0,79
THO,158,PRU - THO  ,0,0,0,3,0,9,8,1,0,79
THO,160,PRU - THO  ,0,0,0,3,0,9,8,1,0,79
TIL,10,Tous FD 10-22 ,0,0,0,0,0,60,1,39,0,0
TIL,12,Tous FD 10-22 ,0,0,0,0,0,78,1,21,0,0
TIL,14,Tous FD 10-22 ,0,0,0,0,0,80,1,15,4,0
TIL,16,Tous FD 10-22 ,0,0,0,0,0,80,1,12,7,0
TIL,18,Tous FD 10-22 ,0,0,0,0,0,80,1,10,9,0
TIL,20,Tous FD 10-22 ,0,0,0,0,0,80,1,9,10,0
TIL,22,Tous FD 10-22 ,0,0,0,0,0,80,1,9,10,0
TIL,24,AUF 24 +  ,0.369673,0.04070443,4.936518,32.87616,5.176368,29.60057,1,9,17,0
TIL,26,AUF 24 +  ,0.4783325,0.07069683,5.600336,32.87616,4.341733,28.63274,2,9,17,0
TIL,28,AUF 24 +  ,0.6112765,0.1194852,6.308047,32.87616,3.711318,28.37371,2,9,17,0
TIL,30,AUF 24 +  ,0.7687896,0.1957905,7.031725,28.12662,3.222135,31.65494,3,9,17,0
TIL,32,AUF 24 +  ,0.949098,0.3101482,7.742014,24.31018,2.83404,34.85452,3,9,17,0
TIL,34,AUF 24 +  ,1.146985,0.4734081,8.403649,21.16979,2.518266,37.2879,4,8,17,0
TIL,36,AUF 24 +  ,1.354757,0.6947109,8.988617,18.54342,2.256642,39.16185,4,8,17,0
TIL,38,AUF 24 +  ,1.56356,0.9790925,9.482936,16.33168,2.03816,39.60457,5,8,17,0
TIL,40,AUF 24 +  ,1.763038,1.324074,9.878349,14.45677,1.854267,41.7235,6,7,16,0
TIL,42,AUF 24 +  ,1.942219,1.717258,10.17186,12.85781,1.698311,42.61255,6,7,16,0
TIL,44,AUF 24 +  ,2.090512,2.135834,10.36454,11.48682,1.565104,42.35719,7,7,16,0
TIL,46,AUF 24 +  ,2.198048,2.547931,10.45705,10.30281,1.450153,42.04401,8,7,16,0
TIL,48,AUF 24 +  ,2.256828,2.916992,10.4502,9.272586,1.349802,42.75359,8,7,16,0
TIL,50,AUF 24 +  ,2.262335,3.208454,10.34811,8.372328,1.261518,44.54725,9,6,15,0
TIL,52,AUF 24 +  ,2.213528,3.394593,10.15509,7.582955,1.183317,44.47052,10,6,15,0
TIL,54,AUF 24 +  ,2.112961,3.458095,9.875205,6.888923,1.113626,44.55119,11,6,15,0
TIL,56,AUF 24 +  ,1.966041,3.392694,9.509418,6.275521,1.050871,44.80545,12,6,15,0
TIL,58,AUF 24 +  ,1.781893,3.205378,9.06191,5.732484,0.9940798,45.22425,13,6,15,0
TIL,60,AUF 24 +  ,1.572438,2.915309,8.540601,5.252964,0.9427915,46.7759,14,5,15,0
TIL,62,AUF 24 +  ,1.350323,2.549875,7.9533,4.830304,0.8965331,47.41967,15,5,15,0
TIL,64,AUF 24 +  ,1.127803,2.141616,7.308825,4.458266,0.8548445,48.10864,16,5,15,0
TIL,66,AUF 24 +  ,0.9156764,1.72437,6.618079,4.131147,0.817293,48.79343,17,5,15,0
TIL,68,AUF 24 +  ,0.7225197,1.329116,5.895661,3.844354,0.7835899,49.42476,18,5,15,0
TIL,70,AUF 24 +  ,0.5537024,0.9791179,5.156244,3.591897,0.7530826,49.96596,19,5,15,0
TIL,72,AUF 24 +  ,0.4117928,0.688368,4.416979,3.367761,0.7249998,50.3901,20,5,15,0
TIL,74,AUF 24 +  ,0.2970433,0.4614851,3.698592,3.167333,0.6987619,49.67678,22,5,15,0
TIL,76,AUF 24 +  ,0.2077516,0.2949167,3.022511,2.987026,0.6739329,49.81386,23,5,15,0
TIL,78,AUF 24 +  ,0.1409355,0.179767,2.409245,2.825727,0.6505816,49.79374,24,5,15,0
TIL,80,AUF 24 +  ,0.09279032,0.1046115,1.87321,2.682836,0.6288761,49.61768,25,5,15,0
TIL,82,AUF 24 +  ,0.05929476,0.0581392,1.420457,2.556381,0.6086397,50.29709,25,5,15,0
TIL,84,AUF 24 +  ,0.03677762,0.03086842,1.050719,2.444671,0.5897207,50.84724,25,5,15,0
TIL,86,AUF 24 +  ,0.02214214,0.01566081,0.7584731,2.346257,0.5719889,51.28548,25,5,15,0
TIL,88,AUF 24 +  ,0.01294047,0.007593603,0.5346158,2.259989,0.5553556,51.62951,25,5,15,0
TIL,90,AUF 24 +  ,0.007341806,0.003519452,0.3681893,2.184931,0.539755,51.89626,25,5,15,0
TIL,92,AUF 24 +  ,0.007019368,0.003364885,0.3520191,2.088973,0.5160499,52.03257,25,5,15,0
TIL,94,AUF 24 +  ,0.006717217,0.003220042,0.3368664,1.999053,0.4938365,52.16031,25,5,15,0
TIL,96,AUF 24 +  ,0.006433744,0.003084153,0.3226503,1.914691,0.4729961,52.28014,25,5,15,0
TIL,98,AUF 24 +  ,0.006167488,0.002956518,0.3092976,1.835452,0.4534214,52.3927,25,5,15,0
TIL,100,AUF 24 +  ,0.006167488,0.002956518,0.3092976,1.835452,0.4534214,52.3927,25,5,15,0
TIL,102,AUF 24 +  ,0.006167488,0.002956518,0.3092976,1.835452,0.4534214,52.3927,25,5,15,0
TIL,104,AUF 24 +  ,0.006167488,0.002956518,0.3092976,1.835452,0.4534214,52.3927,25,5,15,0
TIL,106,AUF 24 +  ,0.006167488,0.002956518,0.3092976,1.835452,0.4534214,52.3927,25,5,15,0
TIL,108,AUF 24 +  ,0.006167488,0.002956518,0.3092976,1.835452,0.4534214,52.3927,25,5,15,0
TIL,110,AUF 24 +  ,0.006167488,0.002956518,0.3092976,1.835452,0.4534214,52.3927,25,5,15,0
TIL,112,AUF 24 +  ,0.006167488,0.002956518,0.3092976,1.835452,0.4534214,52.3927,25,5,15,0
TIL,114,AUF 24 +  ,0.006167488,0.002956518,0.3092976,1.835452,0.4534214,52.3927,25,5,15,0
TIL,116,AUF 24 +  ,0.006167488,0.002956518,0.3092976,1.835452,0.4534214,52.3927,25,5,15,0
TIL,118,AUF 24 +  ,0.006167488,0.002956518,0.3092976,1.835452,0.4534214,52.3927,25,5,15,0
TIL,120,AUF 24 +  ,0.006167488,0.002956518,0.3092976,1.835452,0.4534214,52.3927,25,5,15,0
TIL,122,AUF 24 +  ,0.006167488,0.002956518,0.3092976,1.835452,0.4534214,52.3927,25,5,15,0
TIL,124,AUF 24 +  ,0.006167488,0.002956518,0.3092976,1.835452,0.4534214,52.3927,25,5,15,0
TIL,126,AUF 24 +  ,0.006167488,0.002956518,0.3092976,1.835452,0.4534214,52.3927,25,5,15,0
TIL,128,AUF 24 +  ,0.006167488,0.002956518,0.3092976,1.835452,0.4534214,52.3927,25,5,15,0
TIL,130,AUF 24 +  ,0.006167488,0.002956518,0.3092976,1.835452,0.4534214,52.3927,25,5,15,0
TIL,132,AUF 24 +  ,0.006167488,0.002956518,0.3092976,1.835452,0.4534214,52.3927,25,5,15,0
TIL,134,AUF 24 +  ,0.006167488,0.002956518,0.3092976,1.835452,0.4534214,52.3927,25,5,15,0
TIL,136,AUF 24 +  ,0.006167488,0.002956518,0.3092976,1.835452,0.4534214,52.3927,25,5,15,0
TIL,138,AUF 24 +  ,0.006167488,0.002956518,0.3092976,1.835452,0.4534214,52.3927,25,5,15,0
TIL,140,AUF 24 +  ,0.006167488,0.002956518,0.3092976,1.835452,0.4534214,52.3927,25,5,15,0
TIL,142,AUF 24 +  ,0.006167488,0.002956518,0.3092976,1.835452,0.4534214,52.3927,25,5,15,0
TIL,144,AUF 24 +  ,0.006167488,0.002956518,0.3092976,1.835452,0.4534214,52.3927,25,5,15,0
TIL,146,AUF 24 +  ,0.006167488,0.002956518,0.3092976,1.835452,0.4534214,52.3927,25,5,15,0
TIL,148,AUF 24 +  ,0.006167488,0.002956518,0.3092976,1.835452,0.4534214,52.3927,25,5,15,0
TIL,150,AUF 24 +  ,0.006167488,0.002956518,0.3092976,1.835452,0.4534214,52.3927,25,5,15,0
TIL,152,AUF 24 +  ,0.006167488,0.002956518,0.3092976,1.835452,0.4534214,52.3927,25,5,15,0
TIL,154,AUF 24 +  ,0.006167488,0.002956518,0.3092976,1.835452,0.4534214,52.3927,25,5,15,0
TIL,156,AUF 24 +  ,0.006167488,0.002956518,0.3092976,1.835452,0.4534214,52.3927,25,5,15,0
TIL,158,AUF 24 +  ,0.006167488,0.002956518,0.3092976,1.835452,0.4534214,52.3927,25,5,15,0
TIL,160,AUF 24 +  ,0.006167488,0.002956518,0.3092976,1.835452,0.4534214,52.3927,25,5,15,0
