estimate;CovParm;Subject
0.0362161018988623;ldhp2;placette
0.9588048911976000;SP(POW);No_arbre(placette)
2.6187798840638000;Residual;
