estimate;CovParm;Subject
0.0429512017418430;ldhp2;placette
0.9066140457795000;SP(POW);No_arbre(placette)
2.6431550352088000;Residual;
