estimate;CovParm;Subject
0.0129232242355125;ldhp2;placette
0.9612826150533200;SP(POW);No_arbre(placette)
4.8999900480987000;Residual;
