estimate;CovParm;Subject
0.0248381615864641;ldhp2;placette
0.9375765814030700;SP(POW);No_arbre(placette)
3.1255516613308200;Residual;
