estimate;CovParm;Subject
0.0174374419878971;ldhp2;placette
0.9679542399875600;SP(POW);No_arbre(placette)
2.2043217008735600;Residual;
