row;effect;pert;sdom;vp;milieu;Col1;Col2;Col3;Col4;Col5;Col6;Col7;Col8;Col9
1;ldhp;;;;;0.169778169;-0.069589827;0.000595327;0.051164398;-0.007268497;-0.004826372;-0.002774449;-0.013799553;-0.019047049
2;ldhp2;;;;;-0.069589827;0.038692457;-0.000443496;-0.032568401;0.000375774;0.001422621;-0.002642308;0.000972402;0.000390931
3;ldhp*st;;;;;0.000595327;-0.000443496;1.84696E-05;0.000318406;-1.18704E-05;5.8014E-06;0.00011089;-3.05649E-05;1.2082E-05
4;ldhp*rdhp;;;;;0.051164398;-0.032568401;0.000318406;0.035580487;-0.000329482;-0.00042124;0.002853596;4.42854E-05;0.000395232
5;ldhp*Tmoy;;;;;-0.007268497;0.000375774;-1.18704E-05;-0.000329482;0.00216979;-0.003486174;-0.002189735;-0.000106328;0.001705072
6;ldhp*vp;;;FO1;;-0.004826372;0.001422621;5.8014E-06;-0.00042124;-0.003486174;0.055805;0.015459249;0.01220019;0.00927887
7;ldhp*vp;;;MJ2;;-0.002774449;-0.002642308;0.00011089;0.002853596;-0.002189735;0.015459249;0.036120563;0.011944823;0.01040603
8;ldhp*vp;;;MS1;;-0.013799553;0.000972402;-3.05649E-05;4.42854E-05;-0.000106328;0.01220019;0.011944823;0.037650837;0.011880661
9;ldhp*vp;;;MS2;;-0.019047049;0.000390931;1.2082E-05;0.000395232;0.001705072;0.00927887;0.01040603;0.011880661;0.024565777
