estimate;CovParm;Subject
0.0347898043400770;ldhp2;placette
0.8922458873033200;SP(POW);No_arbre(placette)
1.9344105622085300;Residual;
