estimate;CovParm;Subject
0.0189084827082567;ldhp2;placette
0.9188200592521300;SP(POW);No_arbre(placette)
1.3397692898754200;Residual;
