estimate;CovParm;Subject
0.0114768471171842;ldhp2;placette
0.9495286540333100;SP(POW);No_arbre(placette)
3.0269170053137800;Residual;
