row;effect;pert;sdom;vp;milieu;Col1;Col2;Col3;Col4;Col5;Col6
1;ldhp;;;;;0.2468433;-0.028697111;0.000100103;0.018422933;-0.000163167;0.000192844
2;ldhp2;;;;;-0.028697111;0.015483334;-0.000129476;-0.012270323;-1.70376E-06;-0.000678366
3;ldhp*st;;;;;0.000100103;-0.000129476;5.3946E-06;0.000108555;2.32623E-08;2.65088E-05
4;ldhp*rdhp;;;;;0.018422933;-0.012270323;0.000108555;0.013045005;2.04361E-06;0.000444521
5;ldhp*Ptot;;;;;-0.000163167;-1.70376E-06;2.32623E-08;2.04361E-06;1.49779E-07;3.60366E-07
6;ldhp*pert;MOY;;;;0.000192844;-0.000678366;2.65088E-05;0.000444521;3.60366E-07;0.001265182
