estimate;CovParm;Subject
0.0099003001904333;ldhp2;placette
0.9743159710030300;SP(POW);No_arbre(placette)
3.0072354199838700;Residual;
