estimate;CovParm;Subject
0.0273204290885116;ldhp2;placette
0.9347872151589400;SP(POW);No_arbre(placette)
2.3988604586848800;Residual;
