estimate;CovParm;Subject
0.0064844411240672;ldhp2;placette
0.9704292996141800;SP(POW);No_arbre(placette)
1.5102321837508900;Residual;
