estimate;CovParm;Subject
0.0288023700511972;ldhp2;placette
0.9550881201657200;SP(POW);No_arbre(placette)
2.6673352992011200;Residual;
