estimate;CovParm;Subject
0.0549926208218335;ldhp2;placette
0.9652554446082300;SP(POW);No_arbre(placette)
2.8942890557285200;Residual;
