estimate;CovParm;Subject
0.0000000000000000000000000;ldhp2;placette
0.9785244032870500000000000;SP(POW);NO_ARBRE(placette)
3.1858425755807100000000000;Residual;
